Artist,Certified Units,Gold,Platinum,Multi-Platinum,Diamond,Standard
THE BEATLES,183,48,42,26,6,Standard
GARTH BROOKS,157,31,31,17,9,Standard
ELVIS PRESLEY,139,101,57,25,1,All types
EAGLES,120,13,13,11,3,All types
LED ZEPPELIN,112.5,19,18,14,5,Standard
MICHAEL JACKSON,89,15,13,9,2,All types
BILLY JOEL,85,19,17,13,2,All types
ELTON JOHN,79,38,28,14,1,All types
AC/DC,75,22,20,12,1,All types
PINK FLOYD,75,19,15,12,2,All types
BRUCE SPRINGSTEEN,71,23,17,11,2,All types
AEROSMITH,69.5,25,18,12,1,All types
GEORGE STRAIT,69,39,33,13,0,All types
MARIAH CAREY,69,16,14,10,2,All types
BARBRA STREISAND,68.5,51,30,12,0,Standard
THE ROLLING STONES,66.5,43,28,11,1,Standard
MADONNA,64.5,20,17,12,2,All types
METALLICA,63,13,13,11,1,All types
EMINEM,61.5,12,11,8,3,All types
WHITNEY HOUSTON,60,11,9,7,3,All types
VAN HALEN,56.5,14,13,12,2,Standard
FLEETWOOD MAC,54.5,14,9,8,1,All types
CELINE DION,51,13,11,8,2,All types
U2,51,16,16,11,1,All types
NEIL DIAMOND,49.5,40,21,12,0,Standard
ALABAMA,49,27,21,10,0,All types
JOURNEY,49,13,11,9,2,All types
KENNY G,48,15,11,8,1,All types
SHANIA TWAIN,48,5,5,4,3,All types
KENNY ROGERS,47.5,28,17,7,1,Standard
TAYLOR SWIFT,46,9,9,7,1,All types
BOB SEGER & THE SILVER BULLET BAND,44.5,14,13,7,1,Standard
GUNS N' ROSES,44.5,8,7,5,1,All types
ALAN JACKSON,43.5,18,15,8,0,All types
SANTANA,43.5,21,10,7,1,All types
QUEEN,43,20,12,8,0,All types
REBA MC ENTIRE,41,27,19,9,0,All types
ERIC CLAPTON,40,23,11,7,1,All types
CHICAGO,38.5,23,18,8,0,Standard
SIMON & GARFUNKEL,38.5,12,11,7,1,Standard
FOREIGNER,38,11,9,7,0,All types
ROD STEWART,38,27,19,10,0,All types
TIM MCGRAW,37.5,14,11,9,0,All types
BACKSTREET BOYS,37,5,5,3,2,All types
2 PAC,36.5,10,9,6,2,Standard
BOB DYLAN,36,33,15,6,0,Standard
DEF LEPPARD,35.5,11,8,5,2,All types
BON JOVI,34.5,14,11,5,1,All types
BRITNEY SPEARS,34.5,9,8,4,2,All types
DAVE MATTHEWS BAND,34.5,17,14,7,0,All types
THE DOORS,34,20,14,5,1,All types
JOHN DENVER,33.5,22,13,7,0,All types
PHIL COLLINS,33.5,10,7,6,1,All types
JAMES TAYLOR,33,20,14,5,1,Standard
THE CHICKS,33,5,5,4,2,All types
R. KELLY,32,11,9,6,0,All types
KENNY CHESNEY,31.5,22,15,5,0,All types
PEARL JAM,31.5,12,7,3,1,All types
TOM PETTY & THE HEARTBREAKERS,31.5,15,8,5,1,Standard
WILLIE NELSON,31.5,18,15,6,0,Standard
ADELE,31,4,4,4,2,All types
BOSTON,31,5,5,4,1,All types
LINDA RONSTADT,30,17,13,7,0,Standard
BEYONCE,29.5,7,6,6,0,All types
LINKIN PARK,29.5,9,8,3,1,All types
OZZY OSBOURNE,29.5,15,12,9,0,All types
LYNYRD SKYNYRD,28.5,20,13,7,0,All types
BEE GEES,28,15,9,2,1,Standard
CREEDENCE CLEARWATER REVIVAL,28,13,9,6,1,All types
MANNHEIM STEAMROLLER,28,18,8,4,0,Standard
MICHAEL BOLTON,28,9,7,6,0,Standard
N SYNC,28,4,4,4,2,Standard
NIRVANA,28,8,8,3,1,All types
BARRY MANILOW,27.5,24,13,6,0,Standard
BROOKS & DUNN,27.5,12,11,6,0,All types
JAY-Z,27.5,14,13,8,0,All types
JOHN MELLENCAMP,27.5,15,12,5,0,Standard
RED HOT CHILI PEPPERS,27.5,11,8,6,0,All types
BOYZ II MEN,27,7,5,4,1,Standard
FRANK SINATRA,27,34,10,4,0,Standard
LUTHER VANDROSS,27,20,18,7,0,All types
ENYA,26.5,9,8,5,0,Standard
KANYE WEST,26.5,10,9,7,0,All types
STEVE MILLER BAND,26.5,10,5,3,1,All types
JANET JACKSON,26,8,8,6,0,Standard
RUSH,26,24,14,3,0,Standard
DRAKE,25.5,8,7,5,0,All types
FAITH HILL,25.5,7,6,6,0,All types
CREED,25,4,4,4,1,All types
HOOTIE & THE BLOWFISH,25,3,3,2,1,Standard
LIL WAYNE,25,11,9,6,0,All types
MOTLEY CRUE,25,12,8,5,0,Standard
TOBY KEITH,25,18,12,5,0,All types
ZZ TOP,25,11,7,4,1,Standard
R.E.O. SPEEDWAGON,24.5,13,8,4,1,Standard
THE CARPENTERS,24.5,13,8,6,0,Standard
GREEN DAY,24,9,7,4,1,All types
NICKELBACK,24,6,6,4,1,All types
VINCE GILL,24,13,11,6,0,Standard
"EARTH, WIND & FIRE",23.5,14,9,6,0,All types
JOHNNY CASH,23.5,19,10,6,0,All types
KID ROCK,23.5,7,6,4,1,All types
SADE,23.5,8,7,6,0,Standard
THE CARS,23.5,7,6,5,0,Standard
USHER,23.5,6,5,3,1,All types
BEASTIE BOYS,23,7,7,6,1,All types
JIMI HENDRIX,23,16,10,6,0,Standard
JIMMY BUFFETT,23,17,9,3,0,Standard
NELLY,23,7,5,3,1,All types
OUTKAST,23,7,7,4,1,All types
RIHANNA,23,8,8,7,0,All types
TLC,23,4,4,3,1,All types
CARRIE UNDERWOOD,22.5,8,7,4,0,All types
HEART,22.5,14,9,6,0,Standard
LIONEL RICHIE,22.5,9,6,3,1,Standard
THE BEACH BOYS,22.5,20,9,6,0,All types
DOOBIE BROTHERS,22,11,7,4,1,Standard
THE POLICE,22,8,8,4,0,Standard
BOB MARLEY & THE WAILERS,21.5,11,2,2,1,Standard
GENESIS,21.5,13,6,4,0,Standard
JUSTIN BIEBER,21.5,11,8,5,0,All types
KISS,21,26,10,3,0,Standard
MEAT LOAF,21,5,3,2,1,All types
THE NOTORIOUS B.I.G.,21,5,5,3,1,All types
THE WHO,21,18,12,5,0,Standard
ALANIS MORISSETTE,20.5,4,3,2,1,Standard
JOSH GROBAN,20.5,10,5,4,0,All types
MARY J. BLIGE,20.5,13,8,6,0,All types
PRINCE,20.5,18,11,4,0,Standard
ALICIA KEYS,20,6,6,4,0,All types
R.E.M.,20,13,7,4,0,All types
GRATEFUL DEAD,19.5,21,6,4,0,Standard
"HANK WILLIAMS, JR.",19.5,23,8,1,0,All types
NORAH JONES,19.5,5,4,3,1,All types
SMASHING PUMPKINS,19.5,9,6,2,1,Standard
STEVIE WONDER,19.5,12,7,2,1,All types
TONI BRAXTON,19.5,6,3,3,0,Standard
MATCHBOX TWENTY,19,5,3,3,1,All types
CAROLE KING,18.5,8,3,1,1,Standard
JACKSON BROWNE,18.5,11,8,3,0,Standard
JANIS JOPLIN,18.5,8,5,3,0,All types
JEWEL,18.5,5,4,2,1,Standard
RASCAL FLATTS,18.5,8,7,5,0,All types
SARAH MC LACHLAN,18.5,8,5,4,0,All types
CHRIS BROWN,18,10,8,5,0,All types
"CROSBY, STILLS, NASH & YOUNG",18,4,4,3,0,Standard
DESTINY'S CHILD,18,6,6,3,0,All types
P!NK,18,8,8,5,0,All types
RANDY TRAVIS,18,12,8,4,0,All types
STING,18,11,9,5,0,Standard
THE MONKEES,18,9,7,4,0,Standard
JOHN MAYER,17.5,9,6,4,0,All types
NEIL YOUNG,17.5,18,7,3,0,Standard
STONE TEMPLE PILOTS,17.5,5,4,3,0,Standard
STYX,17.5,13,6,5,0,Standard
AMY GRANT,17,13,7,3,0,Standard
BONNIE RAITT,17,9,3,3,0,Standard
BRYAN ADAMS,17,6,6,3,0,Standard
KATY PERRY,17,3,3,3,0,All types
LADY GAGA,17,5,5,3,0,All types
CHRISTINA AGUILERA,16.5,7,4,3,0,All types
JOHNNY MATHIS,16.5,15,6,2,0,Standard
KORN,16.5,9,8,4,0,All types
LEANN RIMES,16.5,9,6,3,0,All types
LIMP BIZKIT,16.5,5,4,3,0,All types
NEW KIDS ON THE BLOCK,16.5,5,4,4,0,Standard
ANDREA BOCELLI,16,14,10,3,0,All types
BRUNO MARS,16,3,3,3,0,All types
HAMMER,16,4,4,3,1,Standard
"HARRY CONNICK, JR.",16,13,9,4,0,Standard
MARTINA MCBRIDE,16,10,8,4,0,All types
PRINCE & THE REVOLUTION,16,3,3,2,1,Standard
SHERYL CROW,16,6,6,3,0,All types
50 CENT,15.5,3,2,2,0,All types
BAD COMPANY,15.5,9,6,4,0,Standard
CAT STEVENS,15.5,12,5,3,0,Standard
DIRE STRAITS,15.5,8,5,2,0,Standard
GLORIA ESTEFAN,15.5,10,7,4,0,All types
ISLEY BROTHERS,15.5,15,10,3,0,All types
KANSAS,15.5,9,4,3,0,All types
PAUL MC CARTNEY,15.5,16,7,4,0,Standard
ALICE IN CHAINS,15,8,6,4,0,All types
BLACK SABBATH,15,12,8,3,0,Standard
GEORGE MICHAEL,15,4,4,3,1,Standard
INXS,15,9,7,3,0,All types
NO DOUBT,15,4,4,3,1,All types
ANNE MURRAY,14.5,15,6,2,0,Standard
COLDPLAY,14.5,8,7,4,0,All types
KEITH URBAN,14.5,10,9,2,0,All types
MICHAEL BUBLE,14.5,7,6,3,0,All types
PATSY CLINE,14.5,6,5,1,1,Standard
POISON,14.5,7,4,4,0,Standard
THE CRANBERRIES,14.5,4,3,3,0,Standard
DAN FOGELBERG,14,9,7,5,0,Standard
DMX,14,5,5,3,0,All types
ED SHEERAN,14,4,4,3,0,All types
JOHN MICHAEL MONTGOMERY,14,7,5,3,0,Standard
OFFSPRING,14,6,4,2,0,Standard
POST MALONE,14,3,3,3,0,All types
TED NUGENT,14,8,6,5,0,Standard
CHARLIE DANIELS BAND,13.5,9,6,3,0,All types
NATALIE COLE,13.5,11,4,1,0,Standard
PAUL SIMON,13.5,11,6,2,0,Standard
THE WEEKND,13.5,5,4,4,0,All types
YES,13.5,13,8,2,0,Standard
3 DOORS DOWN,13,5,3,2,0,All types
AVRIL LAVIGNE,13,5,3,3,0,All types
BLAKE SHELTON,13,13,7,2,0,All types
HALL & OATES,13,13,7,3,0,Standard
HUEY LEWIS & THE NEWS,13,6,4,2,0,Standard
JASON ALDEAN,13,9,7,3,0,All types
KEITH SWEAT,13,8,6,3,0,Standard
LUKE BRYAN,13,8,4,3,0,All types
MAROON 5,13,8,6,3,0,All types
MELISSA ETHERIDGE,13,7,5,3,0,All types
TRACY CHAPMAN,13,5,3,2,0,Standard
ANITA BAKER,12.5,6,5,3,0,Standard
CHER,12.5,9,4,3,0,Standard
CLINT BLACK,12.5,8,7,3,0,All types
KELLY CLARKSON,12.5,8,5,2,0,All types
L.L. COOL J,12.5,12,7,3,0,All types
NAS,12.5,10,7,3,0,All types
PAT BENATAR,12.5,10,7,2,0,Standard
SNOOP DOGG,12.5,8,7,3,0,All types
THE TEMPTATIONS,12.5,17,6,1,0,Standard
TOOL,12.5,6,5,4,0,Standard
TRISHA YEARWOOD,12.5,11,6,2,0,Standard
WHITESNAKE,12.5,5,4,2,0,Standard
ANDREW LLOYD WEBBER,12,6,6,2,0,Standard
BETTE MIDLER,12,10,6,3,0,Standard
COUNTING CROWS,12,6,4,2,0,All types
DURAN DURAN,12,10,8,3,0,Standard
IMAGINE DRAGONS,12,4,4,2,0,All types
LIVE,12,4,4,2,0,Standard
LUDACRIS,12,7,5,4,0,All types
NAT KING COLE,12,8,6,1,0,Standard
ONE DIRECTION,12,5,5,4,0,All types
TRAVIS TRITT,12,7,7,4,0,Standard
WILL SMITH,12,4,2,2,0,All types
BONE THUGS 'N HARMONY,11.5,6,5,2,0,All types
DISTURBED,11.5,6,5,3,0,All types
DON HENLEY,11.5,5,4,2,0,Standard
DWIGHT YOAKAM,11.5,10,7,2,0,Standard
ELECTRIC LIGHT ORCHESTRA,11.5,11,4,2,0,All types
GEORGE HARRISON,11.5,9,2,1,0,All types
PAULA ABDUL,11.5,4,3,2,0,Standard
S.R. VAUGHAN & DOUBLE TROUBLE,11.5,7,6,5,0,Standard
BARRY WHITE,11,12,6,2,0,Standard
GRAND FUNK RAILROAD,11,12,6,2,0,All types
JENNIFER LOPEZ,11,5,5,3,0,All types
JETHRO TULL,11,15,3,1,0,Standard
JUSTIN TIMBERLAKE,11,5,5,3,0,All types
LAURYN HILL,11,2,2,1,1,Standard
LOVERBOY,11,6,4,4,0,Standard
OLIVIA NEWTON-JOHN,11,12,4,3,0,Standard
SPICE GIRLS,11,2,2,2,0,Standard
STEELY DAN,11,12,8,1,0,Standard
SYSTEM OF A DOWN,11,5,5,2,0,All types
YANNI,11,9,5,2,0,Standard
ABBA,10.5,8,3,1,0,Standard
ANDY WILLIAMS,10.5,18,3,0,0,Standard
BILLY RAY CYRUS,10.5,3,2,1,0,Standard
BRANDY,10.5,4,3,2,0,Standard
BUSH,10.5,4,3,2,0,Standard
DEPECHE MODE,10.5,11,6,1,0,Standard
FUTURE,10.5,9,6,2,0,All types
JOHN LENNON,10.5,11,4,2,0,All types
KIRK FRANKLIN,10.5,9,6,2,0,All types
LENNY KRAVITZ,10.5,8,5,3,0,All types
MICHAEL W. SMITH,10.5,14,5,1,0,All types
RICKY MARTIN,10.5,4,3,2,0,All types
SCORPIONS,10.5,8,7,2,0,Standard
STEVIE NICKS,10.5,8,5,2,0,Standard
THE JUDDS,10.5,11,6,2,0,Standard
ZAC BROWN BAND,10.5,5,4,2,0,All types
ACE OF BASE,10,2,2,1,0,Standard
ARETHA FRANKLIN,10,14,4,1,0,Standard
BLINK-182,10,6,4,2,0,All types
BOBBY BROWN,10,3,3,2,0,Standard
"CROSBY, STILLS & NASH",10,4,4,2,0,Standard
EVANESCENCE,10,4,2,2,0,All types
MASTER P,10,6,4,2,0,Standard
NINE INCH NAILS,10,5,3,3,0,Standard
PAUL MC CARTNEY & WINGS,10,9,7,1,0,Standard
PETER FRAMPTON,10,4,2,1,0,Standard
PETER GABRIEL,10,7,3,2,0,All types
SAVAGE GARDEN,10,2,2,2,0,Standard
SOUNDGARDEN,10,4,4,2,0,Standard
THE MOODY BLUES,10,14,6,0,0,Standard
TINA TURNER,10,7,5,1,0,Standard
VAN MORRISON,10,8,2,2,0,All types
AIR SUPPLY,9.5,5,4,2,0,Standard
BLUES TRAVELER,9.5,6,3,1,0,Standard
DAVID BOWIE,9.5,14,5,0,0,Standard
DEAN MARTIN,9.5,17,2,0,0,Standard
DR. DRE,9.5,3,2,2,0,All types
JUDAS PRIEST,9.5,12,5,1,0,Standard
MEN AT WORK,9.5,3,2,2,0,Standard
RICHARD MARX,9.5,5,4,2,0,Standard
SUBLIME,9.5,6,3,2,0,Standard
TONY BENNETT,9.5,12,5,1,0,Standard
"""WEIRD AL"" YANKOVIC",9,10,6,1,0,All types
ARIANA GRANDE,9,6,6,3,0,All types
BREAD,9,8,2,1,0,Standard
CHEAP TRICK,9,8,6,1,0,Standard
DONNA SUMMER,9,11,3,2,0,Standard
GLEN CAMPBELL,9,11,5,1,0,Standard
GODSMACK,9,7,3,2,0,All types
JULIO IGLESIAS,9,8,2,2,0,All types
RAGE AGAINST THE MACHINE,9,4,4,3,0,Standard
STAIND,9,4,4,2,0,All types
STATLER BROTHERS,9,12,2,1,0,Standard
SUGARLAND,9,4,4,3,0,All types
WAYLON JENNINGS,9,8,2,1,0,All types
YOUNGBOY NEVER BROKE AGAIN,9,10,6,1,0,All types
ALLMAN BROTHERS,8.5,11,4,1,0,Standard
BABYFACE,8.5,4,3,3,0,Standard
BOZ SCAGGS,8.5,5,4,1,0,Standard
BRAD PAISLEY,8.5,8,5,2,0,All types
CARLY SIMON,8.5,8,5,1,0,Standard
CYNDI LAUPER,8.5,3,2,2,0,All types
ERIC CHURCH,8.5,6,5,2,0,All types
JA RULE,8.5,5,4,2,0,All types
MARY CHAPIN CARPENTER,8.5,6,3,2,0,Standard
MIRANDA LAMBERT,8.5,7,6,2,0,All types
PANIC! AT THE DISCO,8.5,6,5,2,0,All types
THE CURE,8.5,8,5,2,0,Standard
TOO SHORT,8.5,9,6,1,0,Standard
TOTO,8.5,6,3,2,0,All types
TRANS-SIBERIAN ORCHESTRA,8.5,5,4,3,0,All types
WU-TANG CLAN,8.5,4,3,2,0,All types
"10,000 MANIACS",8,4,4,3,0,Standard
ALICE COOPER,8,9,7,0,0,Standard
CYPRESS HILL,8,6,4,2,0,All types
DAUGHTRY,8,4,2,1,0,All types
ENRIQUE IGLESIAS,8,8,4,1,0,All types
GEORGE BENSON,8,8,4,1,0,Standard
GOO GOO DOLLS,8,4,2,2,0,All types
ICE CUBE,8,9,5,1,0,Standard
J. COLE,8,5,5,2,0,All types
JEFF FOXWORTHY,8,5,3,2,0,Standard
LADY A,8,5,3,2,0,All types
NICKI MINAJ,8,4,4,3,0,All types
"PETER, PAUL & MARY",8,9,3,2,0,Standard
RATT,8,6,4,2,0,Standard
SALT 'N PEPA,8,5,3,1,0,Standard
SAM SMITH,8,3,3,2,0,All types
SLY & THE FAMILY STONE,8,5,3,1,0,Standard
TANYA TUCKER,8,12,4,0,0,Standard
TEARS FOR FEARS,8,5,3,1,0,All types
THREE DOG NIGHT,8,14,2,0,0,Standard
TWENTY ONE PILOTS,8,3,3,2,0,All types
98 DEGREES,7.5,4,3,2,0,Standard
AMERICA,7.5,6,3,1,0,Standard
BARENAKED LADIES,7.5,6,3,1,0,Standard
BILL COSBY,7.5,9,6,0,0,Standard
"BLOOD, SWEAT & TEARS",7.5,5,2,2,0,Standard
BRIAN MC KNIGHT,7.5,6,3,2,0,All types
COLLECTIVE SOUL,7.5,5,4,2,0,Standard
DEEP PURPLE,7.5,9,4,1,0,Standard
DOLLY PARTON,7.5,11,4,0,0,All types
ENIGMA,7.5,4,3,2,0,Standard
GEORGE JONES,7.5,10,3,1,0,Standard
JEFFERSON STARSHIP,7.5,10,3,1,0,Standard
KENDRICK LAMAR,7.5,4,3,2,0,All types
KENNY LOGGINS,7.5,10,5,0,0,Standard
KOOL & THE GANG,7.5,9,4,1,0,Standard
NEW EDITION,7.5,5,4,3,0,Standard
RAY CHARLES,7.5,8,3,1,0,Standard
RAY CONNIFF,7.5,11,4,0,0,Standard
SHAGGY,7.5,3,2,1,0,All types
STEVE WINWOOD,7.5,5,4,2,0,Standard
SUSAN BOYLE,7.5,3,2,2,0,Standard
THE BLACK CROWES,7.5,3,2,2,0,Standard
THE TALKING HEADS,7.5,8,3,2,0,Standard
TORI AMOS,7.5,6,5,2,0,Standard
TRACE ADKINS,7.5,8,5,1,0,All types
VANILLA ICE,7.5,2,1,1,0,All types
WHAM!,7.5,3,2,1,0,All types
WYNONNA JUDD,7.5,4,3,1,0,Standard
311,7,7,3,1,0,All types
AALIYAH,7,4,4,3,0,Standard
AKON,7,2,2,1,0,All types
CASTING CROWNS,7,7,5,1,0,All types
CHRIS STAPLETON,7,4,4,1,0,All types
CINDERELLA,7,3,3,2,0,Standard
FOO FIGHTERS,7,7,7,0,0,All types
FUGEES,7,1,1,1,0,Standard
GEORGE WINSTON,7,7,3,1,0,Standard
HANSON,7,5,3,1,0,Standard
JONI MITCHELL,7,9,3,1,0,Standard
JUICE WRLD,7,3,3,3,0,All types
JUVENILE,7,5,3,1,0,All types
LOGGINS & MESSINA,7,7,5,1,0,Standard
MILES DAVIS,7,3,3,1,0,Standard
MISSY ELLIOTT,7,6,6,1,0,All types
MONICA,7,4,2,2,0,Standard
O'JAYS,7,10,4,0,0,Standard
P. DIDDY & THE FAMILY,7,1,1,1,0,Standard
PANTERA,7,7,5,1,0,Standard
QUIET RIOT,7,2,2,1,0,Standard
RADIOHEAD,7,8,4,1,0,Standard
RICKY VAN SHELTON,7,9,5,0,0,Standard
SELENA,7,5,3,2,0,All types
SHAKIRA,7,5,5,1,0,All types
SKID ROW,7,2,2,2,0,Standard
SUPERTRAMP,7,6,2,1,0,Standard
T.I.,7,7,5,1,0,All types
THE BLACK EYED PEAS,7,3,3,3,0,All types
THIRD EYE BLIND,7,2,2,1,0,Standard
TRACY LAWRENCE,7,6,4,2,0,Standard
TRAIN,7,5,5,1,0,All types
XXXTENTACION,7,4,2,2,0,All types
ALISON KRAUSS,6.5,7,2,2,0,Standard
B-52'S,6.5,5,2,1,0,Standard
BILLY IDOL,6.5,6,5,1,0,Standard
BING CROSBY,6.5,3,2,2,0,Standard
CEDARMONT KIDS,6.5,8,5,0,0,All types
ENGELBERT HUMPERDINCK,6.5,10,1,1,0,Standard
ERYKAH BADU,6.5,4,3,2,0,Standard
EURYTHMICS,6.5,6,3,1,0,Standard
GLORIA ESTEFAN & MIAMI SOUND,6.5,3,2,2,0,Standard
H. ALPERT & THE TIJUANA BRASS,6.5,13,0,0,0,Standard
INDIGO GIRLS,6.5,7,4,1,0,Standard
IRON MAIDEN,6.5,8,5,0,0,Standard
JESSICA SIMPSON,6.5,5,2,2,0,All types
LONESTAR,6.5,6,3,1,0,All types
LORRIE MORGAN,6.5,7,4,1,0,Standard
MARVIN GAYE,6.5,6,3,1,0,All types
MEGADETH,6.5,6,5,1,0,All types
MERCYME,6.5,8,1,1,0,All types
MILLI VANILLI,6.5,2,1,1,0,Standard
MY CHEMICAL ROMANCE,6.5,3,2,2,0,All types
NATALIE MERCHANT,6.5,3,2,1,0,Standard
OAK RIDGE BOYS,6.5,8,3,1,0,Standard
ROBERT PLANT,6.5,6,3,1,0,Standard
TESLA,6.5,6,5,1,0,Standard
WEEZER,6.5,5,4,1,0,All types
AL GREEN,6,8,2,1,0,All types
BECK,6,8,2,1,0,All types
BILLY OCEAN,6,4,4,2,0,Standard
BILLY SQUIER,6,3,3,2,0,Standard
BUSTA RHYMES,6,7,5,0,0,All types
CULTURE CLUB,6,3,3,1,0,Standard
DIDO,6,2,2,2,0,All types
FALL OUT BOY,6,6,4,1,0,All types
FOGHAT,6,8,2,1,0,Standard
GORDON LIGHTFOOT,6,7,3,1,0,Standard
GRETCHEN WILSON,6,2,2,1,0,All types
GWEN STEFANI,6,2,2,1,0,All types
HALSEY,6,3,3,3,0,All types
HELEN REDDY,6,8,2,1,0,Standard
HILARY DUFF,6,5,3,1,0,All types
INCUBUS,6,5,3,2,0,Standard
JODECI,6,3,3,2,0,Standard
JOHN LEGEND,6,4,4,2,0,All types
KHALID,6,2,2,2,0,All types
LIL BABY,6,4,2,1,0,All types
MUMFORD & SONS,6,3,3,2,0,All types
OASIS,6,3,3,1,0,All types
PARAMORE,6,5,3,1,0,All types
PATTY LOVELESS,6,8,4,0,0,Standard
PITBULL,6,5,3,2,0,All types
POINTER SISTERS,6,6,2,1,0,Standard
QUEENSRYCHE,6,5,3,1,0,Standard
ROBERTA FLACK,6,7,3,1,0,Standard
RONNIE MILSAP,6,8,2,1,0,Standard
RUN-D.M.C.,6,5,3,1,0,All types
SEAL,6,4,2,1,0,All types
SEALS & CROFTS,6,6,2,2,0,Standard
SISQO,6,2,2,1,0,Standard
SLIPKNOT,6,6,4,1,0,All types
SPIN DOCTORS,6,2,2,1,0,Standard
STEVEN CURTIS CHAPMAN,6,10,2,0,0,All types
TEDDY PENDERGRASS,6,8,4,0,0,Standard
THREE DAYS GRACE,6,3,3,2,0,All types
TRAVIS SCOTT,6,3,3,1,0,All types
WAR,6,10,2,0,0,Standard
WILSON PHILLIPS,6,2,2,1,0,Standard
112,5.5,4,3,2,0,Standard
ASIA,5.5,3,2,1,0,Standard
BLACKSTREET,5.5,3,2,1,0,Standard
CARMAN,5.5,9,2,0,0,Standard
CHARLEY PRIDE,5.5,11,0,0,0,Standard
CHRISTOPHER CROSS,5.5,2,1,1,0,Standard
COLLIN RAYE,5.5,6,5,0,0,Standard
DC TALK,5.5,6,3,1,0,Standard
DEANA CARTER,5.5,2,1,1,0,All types
DEBBIE GIBSON,5.5,3,2,2,0,Standard
DIAMOND RIO,5.5,8,3,0,0,All types
DJ JAZZY JEFF & FRESH PRINCE,5.5,5,2,1,0,Standard
EDDIE MONEY,5.5,5,4,1,0,Standard
GARY ALLAN,5.5,8,3,0,0,All types
GINUWINE,5.5,4,3,2,0,All types
JACK JOHNSON,5.5,5,4,1,0,All types
JASON MRAZ,5.5,4,3,1,0,All types
KRIS KROSS,5.5,3,2,1,0,Standard
LANA DEL REY,5.5,5,2,1,0,All types
LEE ANN WOMACK,5.5,5,2,1,0,All types
LOS TIGRES DEL NORTE,5.5,10,1,0,0,All types
MARC ANTHONY,5.5,6,1,1,0,All types
MAXWELL,5.5,5,4,1,0,All types
MERLE HAGGARD,5.5,8,3,0,0,Standard
MITCH MILLER & THE GANG,5.5,11,0,0,0,Standard
N.W.A.,5.5,4,3,1,0,All types
PHISH,5.5,9,2,0,0,Standard
ROB ZOMBIE,5.5,4,3,1,0,Standard
SANDI PATTI,5.5,8,3,0,0,Standard
SARA EVANS,5.5,6,3,1,0,All types
SHINEDOWN,5.5,6,3,1,0,All types
SMASH MOUTH,5.5,3,2,2,0,All types
SUGAR RAY,5.5,3,2,2,0,Standard
THE THREE TENORS,5.5,5,2,1,0,Standard
THIRD DAY,5.5,9,2,0,0,All types
YOUNG JEEZY,5.5,5,4,1,0,All types
A BOOGIE WIT DA HOODIE,5,4,4,1,0,All types
ADAM SANDLER,5,4,2,2,0,All types
ALAN PARSONS PROJECT,5,7,3,0,0,Standard
ALL-4-ONE,5,2,2,1,0,Standard
ASHANTI,5,3,3,1,0,All types
AVENGED SEVENFOLD,5,5,5,0,0,All types
BANGLES,5,3,3,1,0,Standard
BELL BIV DEVOE,5,3,1,1,0,Standard
BILLIE EILISH,5,2,2,1,0,All types
BLONDIE,5,4,4,1,0,Standard
BOW WOW,5,5,3,1,0,All types
C&C MUSIC FACTORY,5,1,1,1,0,Standard
CAMEO,5,9,1,0,0,Standard
CHARLIE RICH,5,3,1,1,0,Standard
CHRIS TOMLIN,5,8,2,0,0,All types
CLAY WALKER,5,6,4,0,0,Standard
COMMODORES,5,7,3,0,0,All types
DIANA KRALL,5,7,3,0,0,Standard
DIERKS BENTLEY,5,8,2,0,0,All types
DJ KHALED,5,4,4,1,0,All types
EN VOGUE,5,3,3,1,0,Standard
FERGIE,5,1,1,1,0,All types
FIVE FINGER DEATH PUNCH,5,7,3,0,0,All types
GEORGE THOROGOOD & THE DESTROYERS,5,8,2,0,0,Standard
GIN BLOSSOMS,5,2,2,1,0,Standard
HARRY STYLES,5,3,3,1,0,All types
JAY-Z & KANYE WEST,5,1,1,1,0,All types
JOE,5,4,2,1,0,Standard
K-CI & JOJO,5,3,3,1,0,Standard
KESHA,5,4,2,1,0,All types
LITTLE RIVER BAND,5,5,3,1,0,Standard
LUKE COMBS,5,2,2,2,0,All types
MACKLEMORE & RYAN LEWIS,5,1,1,1,0,All types
MASE,5,3,1,1,0,All types
MILEY CYRUS,5,3,3,1,0,All types
MILEY CYRUS AS HANNAH MONTANA,5,2,2,2,0,Standard
MYSTIKAL,5,5,3,1,0,Standard
QUINCY JONES,5,6,4,0,0,Standard
SHAWN MENDES,5,3,3,2,0,All types
THE BLACK KEYS,5,4,2,2,0,All types
THE CLASH,5,5,3,1,0,All types
THE FRAY,5,2,2,1,0,All types
THE JACKSONS,5,5,3,1,0,Standard
TIFFANY,5,2,2,1,0,Standard
TOM JONES,5,10,0,0,0,Standard
VANESSA WILLIAMS,5,4,2,1,0,Standard
VINCE GUARALDI TRIO,5,1,1,1,0,All types
A TRIBE CALLED QUEST,4.5,6,3,0,0,All types
AL JARREAU,4.5,7,2,0,0,Standard
ANNIE LENNOX,4.5,3,2,2,0,Standard
ARRESTED DEVELOPMENT,4.5,2,1,1,0,Standard
AUDIOSLAVE,4.5,3,2,1,0,All types
BIG & RICH,4.5,3,2,1,0,All types
BIG SEAN,4.5,4,3,1,0,All types
BRUCE HORNSBY & THE RANGE,4.5,3,2,1,0,Standard
CANDLEBOX,4.5,2,1,1,0,Standard
CHARLOTTE CHURCH,4.5,4,3,1,0,Standard
CHRIS YOUNG,4.5,6,3,0,0,All types
CONWAY TWITTY,4.5,8,1,0,0,All types
CREAM,4.5,7,2,0,0,Standard
DIANA ROSS,4.5,7,2,0,0,Standard
ELLIE GOULDING,4.5,4,3,1,0,All types
FIONA APPLE,4.5,3,2,1,0,All types
FLORIDA GEORGIA LINE,4.5,4,3,1,0,All types
GOOD CHARLOTTE,4.5,3,2,1,0,All types
HANK WILLIAMS,4.5,5,4,0,0,Standard
IRON BUTTERFLY,4.5,2,1,1,0,Standard
JEFF BECK,4.5,7,2,0,0,Standard
JEFFERSON AIRPLANE,4.5,7,2,0,0,All types
JO DEE MESSINA,4.5,5,2,1,0,All types
JOSH TURNER,4.5,5,2,1,0,All types
KEVIN GATES,4.5,5,2,1,0,All types
KIDZ BOP KIDS,4.5,9,0,0,0,All types
LAKE EMERSON & PALMER,4.5,9,0,0,0,Standard
LIL UZI VERT,4.5,4,3,1,0,All types
LIL' JON & THE EASTSIDE BOYZ,4.5,3,2,2,0,All types
LOGIC,4.5,6,3,0,0,All types
LUIS MIGUEL,4.5,6,3,0,0,All types
MARILYN MANSON,4.5,6,3,0,0,All types
MARK CHESNUTT,4.5,5,4,0,0,All types
MAZE FEAT. FRANKIE BEVERLY,4.5,9,0,0,0,Standard
MOLLY HATCHET,4.5,4,3,1,0,Standard
P.O.D.,4.5,3,2,1,0,Standard
PAPA ROACH,4.5,3,2,1,0,All types
PARLIAMENT,4.5,7,2,0,0,Standard
POINT OF GRACE,4.5,7,2,0,0,Standard
PUBLIC ENEMY,4.5,6,3,0,0,Standard
RAFFI,4.5,7,2,0,0,Standard
RICK SPRINGFIELD,4.5,5,4,0,0,Standard
ROY ORBISON,4.5,7,2,0,0,Standard
SAMMY KERSHAW,4.5,6,3,0,0,Standard
SCARFACE,4.5,6,3,0,0,Standard
STEPPENWOLF,4.5,8,1,0,0,Standard
SWV,4.5,3,2,1,0,All types
TAYLOR DAYNE,4.5,3,2,2,0,Standard
THE CHAINSMOKERS,4.5,5,2,1,0,All types
THE KILLERS,4.5,3,2,1,0,All types
THE MARSHALL TUCKER BAND,4.5,7,2,0,0,Standard
THE TRAVELING WILBURYS,4.5,3,2,1,0,Standard
THE WALLFLOWERS,4.5,2,1,1,0,Standard
THIRTY-EIGHT SPECIAL (.38),4.5,5,4,0,0,Standard
THOMAS RHETT,4.5,4,3,1,0,All types
TONY! TONI! TONE!,4.5,4,3,1,0,Standard
TREY SONGZ,4.5,6,3,0,0,All types
WARRANT,4.5,3,2,2,0,Standard
WHITE ZOMBIE,4.5,3,2,2,0,Standard
WIZ KHALIFA,4.5,4,3,1,0,All types
AARON CARTER,4,2,2,1,0,Standard
ASHLEE SIMPSON,4,2,2,1,0,All types
BARBRA STREISAND & KRIS KRISTOFFERSON,4,1,1,1,0,Standard
BARNEY,4,2,2,1,0,Standard
BLIND MELON,4,1,1,1,0,Standard
BLUE OYSTER CULT,4,6,2,0,0,Standard
BREAKING BENJAMIN,4,5,3,0,0,All types
BROTHERS JOHNSON,4,4,4,0,0,Standard
CAKE,4,3,3,1,0,All types
CHRIS ISAAK,4,4,2,1,0,Standard
CIARA,4,2,2,1,0,All types
CRYSTAL GAYLE,4,6,2,0,0,Standard
DEMI LOVATO,4,6,2,0,0,All types
DIO,4,4,2,1,0,Standard
DIONNE WARWICK,4,7,1,0,0,Standard
EMMYLOU HARRIS,4,8,0,0,0,Standard
EUROPE,4,2,2,1,0,Standard
EVERCLEAR,4,3,3,1,0,Standard
G-EAZY,4,3,3,1,0,All types
GAP BAND,4,5,3,0,0,Standard
GREAT WHITE,4,4,2,1,0,Standard
GUCCI MANE,4,7,1,0,0,All types
HARRY CHAPIN,4,4,2,1,0,Standard
IL DIVO,4,5,3,0,0,Standard
JAGGED EDGE,4,4,2,1,0,All types
JANE'S ADDICTION,4,4,2,1,0,Standard
JARS OF CLAY,4,4,2,1,0,Standard
JOHN FOGERTY,4,5,1,1,0,Standard
JOHN WILLIAMS,4,7,1,0,0,Standard
JON SECADA,4,2,2,1,0,Standard
JUDY COLLINS,4,6,2,0,0,Standard
KODAK BLACK,4,5,3,0,0,All types
LIL' KIM,4,3,3,1,0,Standard
LITTLE TEXAS,4,4,2,1,0,Standard
MAKAVELI,4,1,1,1,0,Standard
MANA,4,6,2,0,0,All types
MEGHAN TRAINOR,4,2,2,1,0,All types
MONTGOMERY GENTRY,4,5,3,0,0,All types
MORGAN WALLEN,4,2,2,2,0,All types
NE-YO,4,3,3,1,0,All types
PAM TILLIS,4,5,3,0,0,Standard
PENTATONIX,4,4,2,1,0,All types
POLO G,4,3,3,1,0,All types
RICHARD PRYOR,4,6,2,0,0,Standard
RIGHTEOUS BROTHERS,4,5,1,1,0,Standard
ROBERT PALMER,4,3,3,1,0,Standard
SAM HUNT,4,2,2,1,0,All types
SKILLET,4,4,2,1,0,All types
THE LUMINEERS,4,2,2,1,0,All types
THE PRETENDERS,4,6,2,0,0,Standard
TRACY BYRD,4,5,1,1,0,Standard
TWISTED SISTER,4,3,1,1,0,All types
VILLAGE PEOPLE,4,5,3,0,0,Standard
WARREN G,4,3,1,1,0,Standard
8 BALL & MJG,3.5,4,1,1,0,Standard
A$AP ROCKY,3.5,3,2,1,0,All types
AARON NEVILLE,3.5,4,3,0,0,Standard
AARON TIPPIN,3.5,6,1,0,0,Standard
B.O.B.,3.5,3,2,1,0,All types
BACHMAN-TURNER OVERDRIVE,3.5,6,1,0,0,Standard
BRYSON TILLER,3.5,2,1,1,0,All types
BTS,3.5,4,3,0,0,All types
CHEVELLE,3.5,3,2,1,0,All types
CHINGY,3.5,3,2,1,0,All types
CHIPMUNKS,3.5,5,2,0,0,Standard
CHUCK MANGIONE,3.5,4,1,1,0,Standard
CLAY AIKEN,3.5,3,2,1,0,All types
COLOR ME BADD,3.5,2,1,1,0,Standard
COOLIO,3.5,3,2,1,0,Standard
DANE COOK,3.5,3,2,1,0,Standard
DAVID LEE ROTH,3.5,4,3,0,0,Standard
DAVID SANBORN,3.5,7,0,0,0,Standard
DOKKEN,3.5,4,3,0,0,Standard
DOUG STONE,3.5,5,2,0,0,Standard
DRU HILL,3.5,3,2,1,0,Standard
EDDIE MURPHY,3.5,3,2,1,0,Standard
ELVIS COSTELLO,3.5,5,2,0,0,Standard
EVE,3.5,3,2,1,0,Standard
FABOLOUS,3.5,5,2,0,0,All types
FIFTH DIMENSION,3.5,7,0,0,0,Standard
FLORENCE & THE MACHINE,3.5,3,2,1,0,All types
FRED HAMMOND,3.5,4,1,1,0,All types
GERALD LEVERT,3.5,4,3,0,0,Standard
GLADYS KNIGHT & THE PIPS,3.5,7,0,0,0,Standard
GLEE CAST,3.5,5,2,0,0,All types
GLENN MILLER ORCHESTRA,3.5,6,1,0,0,Standard
HEAVY D & THE BOYZ,3.5,4,3,0,0,Standard
HINDER,3.5,2,1,1,0,All types
HOOBASTANK,3.5,3,2,1,0,All types
HOZIER,3.5,2,1,1,0,All types
INDIA.ARIE,3.5,3,2,1,0,Standard
INSANE CLOWN POSSE,3.5,5,2,0,0,All types
J. GEILS BAND,3.5,6,1,0,0,Standard
JAMES BLUNT,3.5,2,1,1,0,All types
JILL SCOTT,3.5,4,1,1,0,Standard
JOHN ANDERSON,3.5,4,1,1,0,Standard
JOHN LENNON & YOKO ONO,3.5,2,1,1,0,Standard
K.D. LANG,3.5,4,1,1,0,Standard
KATHY MATTEA,3.5,6,1,0,0,Standard
KID CUDI,3.5,3,2,1,0,All types
KINGSTON TRIO,3.5,7,0,0,0,Standard
LEE GREENWOOD,3.5,5,2,0,0,All types
LITTLE BIG TOWN,3.5,4,3,0,0,All types
LORDE,3.5,2,1,1,0,All types
LOS TEMERARIOS,3.5,5,2,0,0,All types
LOU RAWLS,3.5,5,2,0,0,Standard
MAC DAVIS,3.5,5,2,0,0,Standard
MACY GRAY,3.5,2,1,1,0,Standard
MANTOVANI,3.5,7,0,0,0,Standard
MARTY ROBBINS,3.5,6,1,0,0,Standard
MUSE,3.5,4,3,0,0,All types
NEAL MC COY,3.5,4,3,0,0,Standard
NELLY FURTADO,3.5,3,2,1,0,All types
PATTI LABELLE,3.5,6,1,0,0,Standard
PRESIDENTS OF THE UNITED STATES OF AMERICA,3.5,2,1,1,0,Standard
PUDDLE OF MUDD,3.5,2,1,1,0,Standard
RAY STEVENS,3.5,5,2,0,0,Standard
SAMMY HAGAR,3.5,5,2,0,0,Standard
SEETHER,3.5,4,3,0,0,All types
SILK,3.5,3,2,1,0,Standard
STEVE MARTIN,3.5,3,2,1,0,Standard
TERRI CLARK,3.5,4,3,0,0,Standard
THE ALL-AMERICAN REJECTS,3.5,3,2,1,0,All types
THE DEFTONES,3.5,4,3,0,0,Standard
THE WHISPERS,3.5,5,2,0,0,Standard
"TYLER, THE CREATOR",3.5,5,2,0,0,All types
2 LIVE CREW,3,5,1,0,0,Standard
AQUA,3,1,1,1,0,Standard
AVERAGE WHITE BAND,3,5,1,0,0,Standard
BAHA MEN,3,1,1,1,0,Standard
BILLY GILMAN,3,3,1,1,0,Standard
BLUES BROTHERS,3,2,2,1,0,Standard
CALVIN HARRIS,3,3,3,0,0,All types
CAPTAIN & TENNILLE,3,5,1,0,0,Standard
CARDI B,3,1,1,1,0,All types
CHEETAH GIRLS,3,2,2,1,0,Standard
CHUMBAWAMBA,3,1,1,1,0,Standard
CONFEDERATE RAILROAD,3,2,2,1,0,Standard
D12,3,2,2,1,0,All types
DABABY,3,3,3,0,0,All types
DAN + SHAY,3,4,2,0,0,All types
DAVE MATTHEWS & TIM REYNOLDS,3,1,1,1,0,Standard
DONNIE MC CLURKIN,3,4,2,0,0,Standard
EAZY-E,3,3,1,1,0,Standard
EDDY ARNOLD,3,3,1,1,0,Standard
ERNIE FORD,3,4,2,0,0,Standard
EXPOSE,3,3,1,1,0,Standard
FAITH EVANS,3,4,2,0,0,Standard
FREDDIE JACKSON,3,4,2,0,0,Standard
FUEL,3,2,2,1,0,Standard
FUN.,3,1,1,1,0,All types
GARBAGE,3,2,2,1,0,Standard
GORILLAZ,3,2,2,1,0,All types
GUY,3,2,2,1,0,Standard
HARRY BELAFONTE,3,6,0,0,0,Standard
HENRY MANCINI,3,6,0,0,0,All types
ICE-T,3,5,1,0,0,Standard
ISAAC HAYES,3,6,0,0,0,Standard
JAHEIM,3,4,2,0,0,Standard
JAMIE FOXX,3,2,2,1,0,All types
JASON DERULO,3,4,2,0,0,All types
JHENE AIKO,3,4,2,0,0,All types
JOAN BAEZ,3,6,0,0,0,Standard
JOAN OSBORNE,3,1,1,1,0,Standard
JOE DIFFIE,3,4,2,0,0,Standard
JOHN BARRY,3,4,2,0,0,Standard
JOHN CAFFERTY & BEAVER BROWN,3,1,1,1,0,Standard
JOHNNY GILL,3,3,1,1,0,Standard
JONAS BROTHERS,3,3,3,0,0,All types
KANE BROWN,3,2,2,1,0,All types
KEYSHIA COLE,3,3,3,0,0,All types
LEE BRICE,3,5,1,0,0,All types
LIFEHOUSE,3,3,1,1,0,All types
LITTLE FEAT,3,5,1,0,0,Standard
LOREENA MC KENNITT,3,3,1,1,0,Standard
LOU BEGA,3,1,1,1,0,Standard
LYLE LOVETT,3,6,0,0,0,Standard
MAC MILLER,3,5,1,0,0,All types
MARIO LANZA,3,3,1,1,0,Standard
MARY MARY,3,3,1,1,0,All types
MEEK MILL,3,4,2,0,0,All types
MICHAEL MC DONALD,3,5,1,0,0,Standard
MICHELLE BRANCH,3,2,2,1,0,Standard
MIDNIGHT STAR,3,3,1,1,0,Standard
MIGOS,3,2,2,1,0,All types
MOBB DEEP,3,4,2,0,0,Standard
MUSIQ,3,4,2,0,0,Standard
NAUGHTY BY NATURE,3,4,2,0,0,Standard
NEWSBOYS,3,6,0,0,0,All types
NIGHT RANGER,3,4,2,0,0,Standard
NITTY GRITTY DIRT BAND,3,4,2,0,0,All types
OLIVIA RODRIGO,3,1,1,1,0,All types
PARTRIDGE FAMILY,3,6,0,0,0,Standard
PET SHOP BOYS,3,5,1,0,0,Standard
PRINCE & THE NEW POWER GENERATION,3,2,2,1,0,Standard
REDMAN,3,5,1,0,0,Standard
RICKY SKAGGS,3,5,1,0,0,Standard
ROBERT CRAY,3,3,1,1,0,Standard
ROD WAVE,3,3,3,0,0,All types
RODNEY ATKINS,3,3,1,1,0,All types
ROGER WILLIAMS,3,6,0,0,0,Standard
SARA BAREILLES,3,3,1,1,0,All types
SARAH BRIGHTMAN,3,5,1,0,0,Standard
SEAN PAUL,3,2,2,1,0,All types
SHAUN CASSIDY,3,3,3,0,0,Standard
SHEENA EASTON,3,5,1,0,0,Standard
SILVERCHAIR,3,3,1,1,0,Standard
SIMPLE PLAN,3,2,2,1,0,All types
SOUL ASYLUM,3,2,2,1,0,All types
STEPHANIE MILLS,3,6,0,0,0,Standard
STEVIE RAY VAUGHAN,3,5,1,0,0,Standard
SWITCHFOOT,3,3,1,1,0,All types
SZA,3,1,1,1,0,All types
T-PAIN,3,3,1,1,0,All types
TEVIN CAMPBELL,3,2,2,1,0,Standard
THE ASSOCIATION,3,3,1,1,0,Standard
THE BAND,3,5,1,0,0,Standard
THREE 6 MAFIA,3,4,2,0,0,All types
TOBYMAC,3,6,0,0,0,All types
TRICK DADDY,3,5,1,0,0,All types
TRIUMPH,3,5,1,0,0,Standard
UB-40,3,3,3,0,0,Standard
USA FOR AFRICA,3,1,1,1,0,Standard
WYCLEF JEAN,3,2,2,1,0,All types
XSCAPE,3,3,3,0,0,Standard
5 SECONDS OF SUMMER,2.5,3,2,0,0,All types
A PERFECT CIRCLE,2.5,3,2,0,0,Standard
AL B. SURE!,2.5,2,1,1,0,Standard
ALDO NOVA,2.5,2,1,1,0,Standard
ANDREAS VOLLENWEIDER,2.5,4,1,0,0,Standard
ANDY GIBB,2.5,3,2,0,0,Standard
ANTHRAX,2.5,5,0,0,0,Standard
BASIA,2.5,3,2,0,0,Standard
BAY CITY ROLLERS,2.5,5,0,0,0,Standard
BEN HARPER,2.5,5,0,0,0,All types
BIG TYMERS,2.5,3,2,0,0,Standard
BILLY CURRINGTON,2.5,4,1,0,0,All types
BJORK,2.5,3,2,0,0,Standard
BLACKHAWK,2.5,2,1,1,0,Standard
BON IVER,2.5,3,2,0,0,All types
BRANTLEY GILBERT,2.5,3,2,0,0,All types
BRYAN WHITE,2.5,3,2,0,0,Standard
BUCKCHERRY,2.5,2,1,1,0,All types
CECE WINANS,2.5,4,1,0,0,Standard
CELTIC WOMAN,2.5,3,2,0,0,Standard
CHAKA KHAN,2.5,4,1,0,0,Standard
CHARLIE PUTH,2.5,2,1,1,0,All types
CHIC,2.5,3,2,0,0,Standard
COLBIE CAILLAT,2.5,2,1,1,0,All types
CONJUNTO PRIMAVERA,2.5,4,1,0,0,All types
DA BRAT,2.5,3,2,0,0,Standard
DAMN YANKEES,2.5,2,1,1,0,Standard
DARIUS RUCKER,2.5,3,2,0,0,All types
DAVE BRUBECK,2.5,2,1,1,0,Standard
DAVE MASON,2.5,4,1,0,0,Standard
DAVID ALLAN COE,2.5,4,1,0,0,Standard
DJ QUIK,2.5,4,1,0,0,Standard
DOJA CAT,2.5,3,2,0,0,All types
DONNY OSMOND,2.5,5,0,0,0,All types
E-40,2.5,4,1,0,0,All types
EPMD,2.5,5,0,0,0,Standard
EVERLAST,2.5,2,1,1,0,Standard
EXTREME II,2.5,2,1,1,0,Standard
FAT BOYS,2.5,4,1,0,0,Standard
FIREFALL,2.5,3,2,0,0,Standard
FIREHOUSE,2.5,2,1,1,0,Standard
FOXY BROWN,2.5,3,2,0,0,Standard
FRENCH MONTANA,2.5,3,2,0,0,All types
GIPSY KINGS,2.5,3,2,0,0,Standard
GO GO'S,2.5,2,1,1,0,Standard
HEATWAVE,2.5,3,2,0,0,Standard
HERBIE HANCOCK,2.5,3,2,0,0,Standard
HERMAN'S HERMITS,2.5,5,0,0,0,Standard
JANE FONDA,2.5,2,1,1,0,Standard
JEREMIH,2.5,3,2,0,0,All types
JIM CROCE,2.5,4,1,0,0,Standard
JIM REEVES,2.5,4,1,0,0,Standard
JOAN JETT & THE BLACKHEARTS,2.5,3,2,0,0,Standard
JOE SATRIANI,2.5,4,1,0,0,Standard
JOHN COLTRANE,2.5,4,1,0,0,Standard
JUSTIN MOORE,2.5,3,2,0,0,All types
K.T. OSLIN,2.5,3,2,0,0,Standard
KEITH WHITLEY,2.5,4,1,0,0,Standard
KENNY WAYNE SHEPHERD,2.5,3,2,0,0,Standard
KENTUCKY HEADHUNTERS,2.5,2,1,1,0,Standard
KINGS OF LEON,2.5,2,1,1,0,All types
LARRY THE CABLE GUY,2.5,3,2,0,0,Standard
LEON RUSSELL,2.5,5,0,0,0,Standard
LIL DURK,2.5,4,1,0,0,All types
LIVING COLOUR,2.5,2,1,1,0,Standard
LOUIS ARMSTRONG,2.5,4,1,0,0,All types
MACHINE GUN KELLY,2.5,4,1,0,0,All types
MARCO ANTONIO SOLIS,2.5,4,1,0,0,All types
MELANIE MARTINEZ,2.5,2,1,1,0,All types
METHOD MAN,2.5,3,2,0,0,Standard
MIGUEL,2.5,3,2,0,0,All types
MINDY MC CREADY,2.5,2,1,1,0,Standard
MOBY,2.5,2,1,1,0,Standard
MONTELL JORDAN,2.5,4,1,0,0,Standard
MYA,2.5,3,2,0,0,Standard
NEXT,2.5,2,1,1,0,Standard
NF,2.5,3,2,0,0,All types
OTIS REDDING,2.5,2,1,1,0,All types
OTTMAR LIEBERT,2.5,4,1,0,0,All types
POP SMOKE,2.5,2,1,1,0,All types
PRIMUS,2.5,3,2,0,0,Standard
RAE SREMMURD,2.5,3,2,0,0,All types
RASCALS,2.5,5,0,0,0,Standard
RICK ASTLEY,2.5,2,1,1,0,All types
RICK JAMES,2.5,4,1,0,0,All types
RICK ROSS,2.5,4,1,0,0,All types
RISE AGAINST,2.5,3,2,0,0,All types
ROB THOMAS,2.5,2,1,1,0,All types
RODDY RICCH,2.5,2,1,1,0,All types
RUSS,2.5,2,1,1,0,All types
SINEAD O'CONNOR,2.5,2,1,1,0,Standard
SIR MIX-A-LOT,2.5,3,2,0,0,All types
SLAUGHTER,2.5,2,1,1,0,Standard
SOUL II SOUL,2.5,2,1,1,0,Standard
SPINNERS,2.5,5,0,0,0,Standard
STEVE PERRY,2.5,2,1,1,0,Standard
SUZY BOGGUSS,2.5,4,1,0,0,Standard
THE CULT,2.5,3,2,0,0,Standard
THE HOOTERS,2.5,2,1,1,0,Standard
THE JERKY BOYS,2.5,3,2,0,0,Standard
THE KNACK,2.5,2,1,1,0,Standard
THE OUTFIELD,2.5,2,1,1,0,Standard
THE STROKES,2.5,3,2,0,0,All types
THE TIME,2.5,4,1,0,0,Standard
THE USED,2.5,3,2,0,0,Standard
THE WHITE STRIPES,2.5,3,2,0,0,All types
THEORY OF A DEADMAN,2.5,2,1,1,0,All types
TOAD THE WET SPROCKET,2.5,3,2,0,0,Standard
TRAFFIC,2.5,4,1,0,0,Standard
TRIPPIE REDD,2.5,4,1,0,0,All types
TRU,2.5,2,1,1,0,Standard
TWISTA,2.5,3,2,0,0,All types
TYGA,2.5,3,2,0,0,All types
UNCLE KRACKER,2.5,2,1,1,0,All types
WAYLON JENNINGS & WILLIE NELSON,2.5,2,1,1,0,Standard
WHITE LION,2.5,2,1,1,0,Standard
YG,2.5,4,1,0,0,All types
YOUNG THUG,2.5,4,1,0,0,All types
2 CHAINZ,2,2,2,0,0,All types
21 SAVAGE,2,2,2,0,0,All types
AFI,2,2,2,0,0,Standard
AFTER 7,2,3,1,0,0,Standard
AL HIRT,2,4,0,0,0,Standard
AL STEWART,2,2,2,0,0,Standard
AMY WINEHOUSE,2,1,1,1,0,All types
ANTHONY HAMILTON,2,3,1,0,0,Standard
ART GARFUNKEL,2,3,1,0,0,Standard
ASHFORD & SIMPSON,2,4,0,0,0,Standard
ATLANTA RHYTHM SECTION,2,3,1,0,0,Standard
AVANT,2,3,1,0,0,Standard
B2K,2,3,1,0,0,Standard
BABY EINSTEIN MUSIC BOX ORCHESTRA,2,4,0,0,0,Standard
BEAVIS & BUTT-HEAD,2,1,1,1,0,Standard
BELINDA CARLISLE,2,3,1,0,0,Standard
BENEDICTINE MONKS-SANTO DE SIL,2,1,1,1,0,Standard
BERLIN,2,3,1,0,0,Standard
BIG PUNISHER,2,2,2,0,0,Standard
BILLY DEAN,2,4,0,0,0,Standard
BOB CARLISLE,2,1,1,1,0,All types
BRASS CONSTRUCTION,2,3,1,0,0,Standard
BRIAN SETZER ORCHESTRA,2,1,1,1,0,Standard
BURT BACHARACH,2,4,0,0,0,Standard
CAGE THE ELEPHANT,2,3,1,0,0,All types
CAM'RON,2,3,1,0,0,All types
CAMILA CABELLO,2,2,2,0,0,All types
CHEECH & CHONG,2,4,0,0,0,Standard
CHERRY POPPIN' DADDIES,2,1,1,1,0,Standard
CHRIS LEDOUX,2,3,1,0,0,Standard
CON FUNK SHUN,2,4,0,0,0,Standard
CRASH TEST DUMMIES,2,1,1,1,0,Standard
D'ANGELO,2,2,2,0,0,Standard
DAFT PUNK,2,3,1,0,0,All types
DEATH CAB FOR CUTIE,2,3,1,0,0,All types
DIGITAL UNDERGROUND,2,3,1,0,0,Standard
DJ CLUE,2,3,1,0,0,Standard
DON MC LEAN,2,1,1,1,0,Standard
DON WILLIAMS,2,3,1,0,0,Standard
DONNY & MARIE OSMOND,2,4,0,0,0,Standard
DUA LIPA,2,2,2,0,0,All types
EDDIE RABBITT,2,3,1,0,0,Standard
EDGAR WINTER GROUP,2,1,1,1,0,Standard
EDIE BRICKELL & NEW BOHEMIANS,2,1,1,1,0,Standard
EIFFEL 65,2,1,1,1,0,Standard
ELLA MAI,2,1,1,1,0,All types
EMOTIONS,2,3,1,0,0,Standard
ERIC B. & RAKIM,2,3,1,0,0,Standard
ERIC CLAPTON & B.B. KING,2,1,1,1,0,Standard
FETTY WAP,2,1,1,1,0,All types
FIFTH HARMONY,2,2,2,0,0,All types
FILTER,2,2,2,0,0,Standard
FINE YOUNG CANNIBALS,2,1,1,1,0,Standard
FIVE FOR FIGHTING,2,2,2,0,0,All types
FOSTER THE PEOPLE,2,1,1,1,0,All types
G-UNIT,2,1,1,1,0,Standard
GARY WRIGHT,2,1,1,1,0,Standard
GEORGE CARLIN,2,4,0,0,0,Standard
GETO BOYS,2,3,1,0,0,Standard
GORDON MACRAE,2,1,1,1,0,Standard
GOTYE,2,1,1,1,0,All types
"GROVER WASHINGTON, JR.",2,1,1,1,0,Standard
H.E.R.,2,3,1,0,0,All types
HAROLD MELVIN & THE BLUE NOTES,2,2,2,0,0,Standard
HOLE,2,2,2,0,0,Standard
HUNTER HAYES,2,1,1,1,0,All types
JACI VELASQUEZ,2,3,1,0,0,All types
JAMES BROWN,2,3,1,0,0,Standard
JAY-Z & LINKIN PARK,2,1,1,1,0,All types
JAY-Z & R. KELLY,2,2,2,0,0,Standard
JENNINGS / NELSON / COLTER / GLASER,2,1,1,1,0,Standard
JEREMY CAMP,2,4,0,0,0,All types
JIM BRICKMAN,2,4,0,0,0,Standard
JOE WALSH,2,3,1,0,0,Standard
JOHN BERRY,2,3,1,0,0,Standard
JON BON JOVI,2,1,1,1,0,Standard
JONNY LANG,2,2,2,0,0,Standard
JOSS STONE,2,3,1,0,0,Standard
JUICE NEWTON,2,3,1,0,0,Standard
KACEY MUSGRAVES,2,2,2,0,0,All types
KELLY PRICE,2,2,2,0,0,Standard
KELSEA BALLERINI,2,3,1,0,0,All types
KEM,2,3,1,0,0,Standard
KENNY ROGERS & DOLLY PARTON,2,1,1,1,0,Standard
KRIS KRISTOFFERSON,2,4,0,0,0,Standard
L.T.D.,2,3,1,0,0,Standard
LADY GAGA & BRADLEY COOPER,2,1,1,1,0,All types
LAURA BRANIGAN,2,3,1,0,0,Standard
LAUREN DAIGLE,2,2,2,0,0,All types
LEVERT,2,4,0,0,0,Standard
LIL' FLIP,2,2,2,0,0,All types
LORETTA LYNN,2,4,0,0,0,Standard
LOS LOBOS,2,1,1,1,0,Standard
LOS LONELY BOYS,2,1,1,1,0,All types
LSG,2,1,1,1,0,Standard
LUPE FIASCO,2,4,0,0,0,All types
MANDY MOORE,2,3,1,0,0,All types
MARTY STUART,2,4,0,0,0,Standard
MEGAN THEE STALLION,2,3,1,0,0,All types
MICHAEL CRAWFORD,2,3,1,0,0,Standard
MICKEY MOUSE,2,1,1,1,0,Standard
MINISTRY,2,3,1,0,0,Standard
MODEST MOUSE,2,3,1,0,0,All types
MORMON TABERNACLE CHOIR,2,4,0,0,0,Standard
NATALIE IMBRUGLIA,2,1,1,1,0,Standard
NAV,2,4,0,0,0,All types
NELSON,2,1,1,1,0,Standard
NEW FOUND GLORY,2,3,1,0,0,All types
NEW ORDER,2,3,1,0,0,Standard
OLIVIA NEWTON-JOHN & ELECTRIC LIGHT ORCHESTRA,2,1,1,1,0,Standard
ONEREPUBLIC,2,3,1,0,0,All types
OZZY OSBOURNE & RANDY RHOADS,2,1,1,1,0,Standard
PABLO CRUISE,2,2,2,0,0,Standard
PAUL REVERE & THE RAIDERS,2,4,0,0,0,Standard
PAULA COLE,2,1,1,1,0,Standard
PERRY COMO,2,4,0,0,0,Standard
PLAYBOI CARTI,2,3,1,0,0,All types
PLIES,2,3,1,0,0,All types
PRODIGY,2,1,1,1,0,Standard
PUSSYCAT DOLLS,2,1,1,1,0,All types
RARE EARTH,2,3,1,0,0,Standard
RAY PRICE,2,3,1,0,0,Standard
REAL MC COY,2,1,1,1,0,Standard
RESTLESS HEART,2,4,0,0,0,Standard
RICKIE LEE JONES,2,3,1,0,0,Standard
ROBIN TROWER,2,4,0,0,0,Standard
RODNEY CARRINGTON,2,3,1,0,0,Standard
ROSE ROYCE,2,3,1,0,0,Standard
ROXETTE,2,2,2,0,0,Standard
RUFUS & CHAKA KHAN,2,3,1,0,0,Standard
SANDRA BOYNTON & MICHAEL FORD,2,3,1,0,0,Standard
SCOTTY MCCREERY,2,3,1,0,0,All types
SERGIO MENDES & BRASIL '66,2,4,0,0,0,Standard
SHAI,2,1,1,1,0,Standard
SILKK THE SHOCKER,2,2,2,0,0,Standard
SIMPLY RED,2,3,1,0,0,Standard
SKRILLEX,2,2,2,0,0,All types
SLAYER,2,4,0,0,0,Standard
SPYRO GYRA,2,3,1,0,0,Standard
STRYPER,2,3,1,0,0,Standard
SUM 41,2,3,1,0,0,All types
SURVIVOR,2,2,2,0,0,All types
TERENCE TRENT D'ARBY,2,1,1,1,0,Standard
THA DOGG POUND,2,1,1,1,0,Standard
THE COMMITMENTS,2,1,1,1,0,Standard
THE CORRS,2,3,1,0,0,Standard
THE FOUR SEASONS,2,4,0,0,0,Standard
THE GAME,2,1,1,1,0,All types
THE KID LAROI,2,1,1,1,0,All types
THE KINKS,2,4,0,0,0,Standard
THE LETTERMEN,2,4,0,0,0,Standard
THE MAMAS & THE PAPAS,2,4,0,0,0,Standard
THE OSMONDS,2,4,0,0,0,Standard
THE ROOTS,2,3,1,0,0,Standard
THE SIMPSONS,2,1,1,1,0,Standard
THE TRACTORS,2,1,1,1,0,Standard
TONE LOC,2,1,1,1,0,Standard
TYRESE,2,3,1,0,0,Standard
UGLY KID JOE,2,1,1,1,0,Standard
URIAH HEEP,2,4,0,0,0,Standard
VAMPIRE WEEKEND,2,3,1,0,0,All types
VELVET REVOLVER,2,1,1,1,0,All types
VERTICAL HORIZON,2,1,1,1,0,Standard
VICENTE FERNANDEZ,2,4,0,0,0,All types
WHODINI,2,3,1,0,0,Standard
WILLIE NELSON & FAMILY,2,1,1,1,0,Standard
"WINANS, BEBE & CECE",2,3,1,0,0,Standard
WINGER,2,2,2,0,0,Standard
XZIBIT,2,3,1,0,0,Standard
YING YANG TWINS,2,2,2,0,0,Standard
YOLANDA ADAMS,2,3,1,0,0,All types
30 SECONDS TO MARS,1.5,2,1,0,0,All types
6IX9INE,1.5,2,1,0,0,All types
6LACK,1.5,2,1,0,0,All types
702,1.5,2,1,0,0,Standard
ALABAMA SHAKES,1.5,2,1,0,0,All types
ALEJANDRO FERNANDEZ,1.5,2,1,0,0,All types
ANDY GRIFFITH,1.5,2,1,0,0,Standard
APRIL WINE,1.5,2,1,0,0,Standard
ARCTIC MONKEYS,1.5,2,1,0,0,All types
ARLO GUTHRIE,1.5,2,1,0,0,Standard
ATLANTIC STARR,1.5,2,1,0,0,Standard
B.B. KING,1.5,2,1,0,0,Standard
B.G.,1.5,2,1,0,0,Standard
B*WITCHED,1.5,2,1,0,0,Standard
BAR-KAYS,1.5,3,0,0,0,Standard
BERT KAEMPFERT,1.5,3,0,0,0,Standard
BILL ENGVALL,1.5,2,1,0,0,Standard
BILL WITHERS,1.5,3,0,0,0,Standard
BILLY VAUGHN,1.5,3,0,0,0,Standard
BLACK OAK ARKANSAS,1.5,3,0,0,0,Standard
BLACKBEAR,1.5,3,0,0,0,All types
BLACKBYRDS,1.5,3,0,0,0,Standard
BLOODHOUND GANG,1.5,2,1,0,0,Standard
BOB DYLAN & THE BAND,1.5,2,1,0,0,Standard
BOB WELCH,1.5,2,1,0,0,Standard
BOBBY SHERMAN,1.5,3,0,0,0,Standard
BONEY JAMES,1.5,3,0,0,0,Standard
BONNIE TYLER,1.5,2,1,0,0,Standard
BOOGIE DOWN PRODUCTIONS,1.5,3,0,0,0,Standard
C-MURDER,1.5,2,1,0,0,Standard
CANDLE,1.5,2,1,0,0,Standard
CARL THOMAS,1.5,2,1,0,0,Standard
CHILDISH GAMBINO,1.5,2,1,0,0,All types
CHRISTINA PERRI,1.5,2,1,0,0,All types
COLE SWINDELL,1.5,2,1,0,0,All types
COMMON,1.5,3,0,0,0,Standard
CONWAY TWITTY & LORETTA LYNN,1.5,3,0,0,0,Standard
COREY HART,1.5,3,0,0,0,Standard
CRAIG DAVID,1.5,2,1,0,0,Standard
CRUSADERS,1.5,3,0,0,0,Standard
CURTIS MAYFIELD,1.5,3,0,0,0,Standard
"D. PARTON, L. RONSTADT, E. HARRIS",1.5,2,1,0,0,Standard
DADDY YANKEE,1.5,2,1,0,0,All types
DAN SEALS,1.5,2,1,0,0,Standard
DANITY KANE,1.5,2,1,0,0,All types
DASHBOARD CONFESSIONAL,1.5,3,0,0,0,Standard
DAVID CROSBY & GRAHAM NASH,1.5,3,0,0,0,Standard
DAVID GRAY,1.5,2,1,0,0,Standard
DAVID GUETTA,1.5,3,0,0,0,All types
DE BARGE,1.5,3,0,0,0,Standard
DE LA SOUL,1.5,2,1,0,0,Standard
DEBORAH COX,1.5,2,1,0,0,Standard
DEVO,1.5,2,1,0,0,Standard
DJ SNAKE,1.5,2,1,0,0,All types
DONALD FAGEN,1.5,2,1,0,0,Standard
DONELL JONES,1.5,2,1,0,0,Standard
DONOVAN,1.5,2,1,0,0,Standard
EDWIN MC CAIN,1.5,2,1,0,0,Standard
ELVIS CRESPO,1.5,2,1,0,0,All types
ERASURE,1.5,2,1,0,0,Standard
EVE 6,1.5,2,1,0,0,Standard
FAITH NO MORE,1.5,2,1,0,0,Standard
FANTASIA,1.5,2,1,0,0,All types
FAT JOE,1.5,2,1,0,0,All types
FORT MINOR,1.5,2,1,0,0,All types
FOURPLAY,1.5,3,0,0,0,Standard
FRANK OCEAN,1.5,2,1,0,0,All types
FRANZ FERDINAND,1.5,2,1,0,0,All types
FUNKADELIC,1.5,2,1,0,0,Standard
FUNKMASTER FLEX,1.5,3,0,0,0,Standard
GARY PUCKETT & THE UNION GAP,1.5,2,1,0,0,Standard
GAVIN DEGRAW,1.5,2,1,0,0,All types
GENIUS/GZA,1.5,2,1,0,0,Standard
GERRY RAFFERTY,1.5,2,1,0,0,Standard
GHOSTFACE KILLAH,1.5,2,1,0,0,Standard
GOODIE MOB,1.5,3,0,0,0,Standard
GUESS WHO,1.5,3,0,0,0,Standard
H-TOWN,1.5,2,1,0,0,Standard
HALESTORM,1.5,2,1,0,0,All types
HERB ALPERT,1.5,2,1,0,0,Standard
HOLLYWOOD UNDEAD,1.5,2,1,0,0,All types
HOUSE OF PAIN,1.5,2,1,0,0,Standard
ISRAEL KAMAKAWIWO'OLE,1.5,2,1,0,0,All types
JACKIE EVANCHO,1.5,2,1,0,0,Standard
JACKYL,1.5,2,1,0,0,Standard
JADE,1.5,2,1,0,0,Standard
JAKE OWEN,1.5,2,1,0,0,All types
JAMES GANG,1.5,3,0,0,0,Standard
JAMEY JOHNSON,1.5,2,1,0,0,All types
JAZMINE SULLIVAN,1.5,2,1,0,0,All types
JEFF HEALEY BAND,1.5,2,1,0,0,Standard
JEFFREY OSBORNE,1.5,3,0,0,0,Standard
JERRY CLOWER,1.5,3,0,0,0,Standard
JIM JOHNSTON,1.5,2,1,0,0,Standard
JIM NABORS,1.5,3,0,0,0,Standard
JIMMY EAT WORLD,1.5,2,1,0,0,All types
JIMMY PAGE & ROBERT PLANT,1.5,2,1,0,0,Standard
JODY WATLEY,1.5,2,1,0,0,Standard
JOE COCKER,1.5,3,0,0,0,Standard
JOE NICHOLS,1.5,2,1,0,0,All types
JOHNNY PAYCHECK,1.5,2,1,0,0,Standard
JOHNNY RIVERS,1.5,3,0,0,0,Standard
JOJI,1.5,2,1,0,0,All types
JOJO,1.5,2,1,0,0,All types
JON B.,1.5,2,1,0,0,Standard
JON PARDI,1.5,2,1,0,0,All types
JOSE FELICIANO,1.5,3,0,0,0,All types
JULIAN LENNON,1.5,2,1,0,0,Standard
KARYN WHITE,1.5,2,1,0,0,Standard
KEANE,1.5,2,1,0,0,All types
KENNY ROGERS & DOTTIE WEST,1.5,2,1,0,0,Standard
KILLSWITCH ENGAGE,1.5,2,1,0,0,All types
KOOL MOE DEE,1.5,2,1,0,0,Standard
KYLIE MINOGUE,1.5,2,1,0,0,All types
LARRY GATLIN,1.5,2,1,0,0,Standard
LEONARD COHEN,1.5,3,0,0,0,Standard
LIL PEEP,1.5,2,1,0,0,All types
LIL SKIES,1.5,2,1,0,0,All types
LIL TJAY,1.5,2,1,0,0,All types
LILA MC CANN,1.5,2,1,0,0,Standard
LINDSAY LOHAN,1.5,2,1,0,0,All types
LISA STANSFIELD,1.5,2,1,0,0,Standard
LIZ PHAIR,1.5,3,0,0,0,All types
LOVE UNLIMITED,1.5,3,0,0,0,Standard
LUCIANO PAVAROTTI,1.5,2,1,0,0,Standard
LYNN ANDERSON,1.5,2,1,0,0,Standard
MACK 10,1.5,3,0,0,0,Standard
MANHATTAN TRANSFER,1.5,2,1,0,0,Standard
MARCO ANTONIO SOLIS Y LOS BUKIS,1.5,3,0,0,0,Standard
MAREN MORRIS,1.5,2,1,0,0,All types
MARIO,1.5,2,1,0,0,All types
MARK WILLS,1.5,2,1,0,0,All types
MARVIN SAPP,1.5,2,1,0,0,All types
MICK JAGGER,1.5,2,1,0,0,Standard
MIDNIGHT OIL,1.5,2,1,0,0,Standard
MILLIE JACKSON,1.5,3,0,0,0,Standard
MO THUGS,1.5,2,1,0,0,Standard
MONEYBAGG YO,1.5,2,1,0,0,All types
MOUNTAIN,1.5,3,0,0,0,Standard
MUDVAYNE,1.5,3,0,0,0,Standard
NICKEL CREEK,1.5,2,1,0,0,Standard
OL' DIRTY BASTARD,1.5,2,1,0,0,Standard
OLD DOMINION,1.5,2,1,0,0,All types
ORGY,1.5,2,1,0,0,Standard
OUR LADY PEACE,1.5,2,1,0,0,Standard
PARTYNEXTDOOR,1.5,3,0,0,0,All types
PAT METHENY GROUP,1.5,3,0,0,0,Standard
PEABO BRYSON,1.5,3,0,0,0,Standard
PEACHES & HERB,1.5,2,1,0,0,Standard
PEBBLES,1.5,2,1,0,0,Standard
PERCY FAITH,1.5,3,0,0,0,Standard
PETE TOWNSHEND,1.5,2,1,0,0,Standard
PETER TOSH,1.5,2,1,0,0,Standard
PIXIES,1.5,2,1,0,0,Standard
R. CARLOS NAKAI,1.5,2,1,0,0,Standard
RAEKWON,1.5,2,1,0,0,Standard
RANCID,1.5,2,1,0,0,Standard
READY FOR THE WORLD,1.5,2,1,0,0,Standard
RELIENT K,1.5,3,0,0,0,All types
RINGO STARR,1.5,2,1,0,0,Standard
RITA COOLIDGE,1.5,2,1,0,0,Standard
ROGER MILLER,1.5,3,0,0,0,Standard
ROSANNE CASH,1.5,3,0,0,0,Standard
ROSIE O'DONNELL,1.5,2,1,0,0,Standard
ROYAL PHILHARMONIC ORCHESTRA,1.5,2,1,0,0,Standard
RUBEN STUDDARD,1.5,2,1,0,0,Standard
RUFUS,1.5,3,0,0,0,Standard
RUSTED ROOT,1.5,2,1,0,0,Standard
S.O.S. BAND,1.5,3,0,0,0,Standard
SALIVA,1.5,2,1,0,0,All types
SAMANTHA FOX,1.5,3,0,0,0,Standard
SAWYER BROWN,1.5,3,0,0,0,Standard
SCHOOLBOY Q,1.5,2,1,0,0,All types
SELENA GOMEZ & THE SCENE,1.5,3,0,0,0,All types
SEVENDUST,1.5,3,0,0,0,Standard
SHALAMAR,1.5,3,0,0,0,Standard
SHAQUILLE O'NEAL,1.5,2,1,0,0,Standard
SHEDAISY,1.5,2,1,0,0,Standard
SHEKINAH GLORY MINISTRY,1.5,2,1,0,0,Standard
SHENANDOAH,1.5,3,0,0,0,Standard
SIA,1.5,2,1,0,0,All types
SLICK RICK,1.5,2,1,0,0,Standard
SMOTHERS BROTHERS,1.5,3,0,0,0,Standard
SNOOP DOGG PRESENTS THA EASTSIDAZ,1.5,2,1,0,0,Standard
SNOW PATROL,1.5,2,1,0,0,All types
SONNY & CHER,1.5,3,0,0,0,Standard
SPICE 1,1.5,3,0,0,0,Standard
SQUIRREL NUT ZIPPERS,1.5,2,1,0,0,Standard
STARSHIP,1.5,2,1,0,0,Standard
STATIC-X,1.5,2,1,0,0,Standard
STEPHEN STILLS,1.5,3,0,0,0,Standard
STEVE WARINER,1.5,3,0,0,0,Standard
STEVIE B.,1.5,3,0,0,0,Standard
STONE SOUR,1.5,2,1,0,0,All types
STRAY CATS,1.5,2,1,0,0,Standard
SURFACE,1.5,2,1,0,0,Standard
SUZANNE VEGA,1.5,2,1,0,0,Standard
TAKE 6,1.5,2,1,0,0,Standard
TAKING BACK SUNDAY,1.5,3,0,0,0,Standard
TAMMY WYNETTE,1.5,2,1,0,0,Standard
THE 1975,1.5,2,1,0,0,All types
THE BAND PERRY,1.5,2,1,0,0,All types
THE BELLAMY BROTHERS,1.5,2,1,0,0,Standard
THE BOYS,1.5,2,1,0,0,Standard
THE FIXX,1.5,2,1,0,0,Standard
THE JETS,1.5,2,1,0,0,Standard
THE LOX,1.5,2,1,0,0,Standard
THE MANHATTANS,1.5,3,0,0,0,Standard
THE MAVERICKS,1.5,2,1,0,0,Standard
THE NEIGHBOURHOOD,1.5,2,1,0,0,All types
THE OUTLAWS,1.5,3,0,0,0,Standard
THE SHINS,1.5,3,0,0,0,Standard
THE SMITHS,1.5,3,0,0,0,Standard
THE STYLISTICS,1.5,3,0,0,0,Standard
THE VENTURES,1.5,3,0,0,0,Standard
THOMPSON TWINS,1.5,2,1,0,0,Standard
TOM WAITS,1.5,3,0,0,0,Standard
TOTAL,1.5,2,1,0,0,Standard
TYPE O NEGATIVE,1.5,2,1,0,0,Standard
VAN CLIBURN,1.5,2,1,0,0,Standard
VANCE JOY,1.5,2,1,0,0,All types
VERN GOSDIN,1.5,3,0,0,0,Standard
VIOLENT FEMMES,1.5,2,1,0,0,Standard
VONDA SHEPARD,1.5,2,1,0,0,Standard
WALE,1.5,3,0,0,0,All types
WARREN ZEVON,1.5,2,1,0,0,Standard
WESTSIDE CONNECTION,1.5,2,1,0,0,Standard
YELLOWCARD,1.5,2,1,0,0,All types
YNW MELLY,1.5,3,0,0,0,All types
YO GOTTI,1.5,3,0,0,0,All types
YOUNG M.C.,1.5,2,1,0,0,Standard
ZAPP,1.5,3,0,0,0,Standard
ZAYN,1.5,2,1,0,0,All types
ZEDD,1.5,2,1,0,0,All types
ZIGGY MARLEY & MELODY MAKERS,1.5,2,1,0,0,Standard
2 PAC & OUTLAWZ,1,1,1,0,0,Standard
3LW,1,1,1,0,0,Standard
3RD BASS,1,2,0,0,0,Standard
4 NON BLONDES,1,1,1,0,0,Standard
69 BOYZ,1,1,1,0,0,Standard
A DAY TO REMEMBER,1,2,0,0,0,All types
A TASTE OF HONEY,1,1,1,0,0,Standard
A-HA,1,1,1,0,0,Standard
A.B. Y LOS KUMBIA KINGS QUINTANILLA III,1,2,0,0,0,All types
A$AP FERG,1,2,0,0,0,All types
AARON HALL,1,1,1,0,0,Standard
ACE FREHLEY,1,1,1,0,0,Standard
AKWID,1,1,1,0,0,All types
ALANNAH MYLES,1,1,1,0,0,Standard
ALESSIA CARA,1,1,1,0,0,All types
ALEXANDER O'NEAL,1,2,0,0,0,Standard
ALIEN ANT FARM,1,1,1,0,0,Standard
ALL SAINTS,1,1,1,0,0,Standard
ALL TIME LOW,1,2,0,0,0,All types
ALT-J,1,2,0,0,0,All types
AMERICAN IDOLS,1,2,0,0,0,Standard
AMERIE,1,2,0,0,0,All types
ANGIE STONE,1,2,0,0,0,Standard
ANNE-MARIE,1,1,1,0,0,All types
ANOTHER BAD CREATION,1,1,1,0,0,Standard
ARCADE FIRE,1,2,0,0,0,Standard
ARCADIA,1,1,1,0,0,Standard
ATREYU,1,2,0,0,0,Standard
AUGUST ALSINA,1,1,1,0,0,All types
AVA MAX,1,1,1,0,0,All types
AVALON,1,2,0,0,0,Standard
AVICII,1,1,1,0,0,All types
AWOLNATION,1,1,1,0,0,All types
AZ YET,1,1,1,0,0,Standard
BAD ENGLISH,1,1,1,0,0,Standard
BANDA EL RECODO,1,2,0,0,0,All types
BARBARA MANDRELL,1,2,0,0,0,Standard
BASTILLE,1,1,1,0,0,All types
BAZZI,1,1,1,0,0,All types
BEBE REXHA,1,1,1,0,0,All types
BEN FOLDS FIVE,1,1,1,0,0,Standard
BENNY BLANCO,1,1,1,0,0,Standard
BETTER THAN EZRA,1,1,1,0,0,Standard
BIG BAD VOODOO DADDY,1,1,1,0,0,Standard
BIG DADDY KANE,1,2,0,0,0,Standard
BIG HEAD TODD & THE MONSTERS,1,1,1,0,0,Standard
BILL WHELAN,1,1,1,0,0,Standard
BLACK ROB,1,1,1,0,0,Standard
BLACKFOOT,1,1,1,0,0,Standard
BLAQUE,1,1,1,0,0,Standard
BLIND FAITH,1,1,1,0,0,Standard
BLUE OCTOBER,1,1,1,0,0,All types
BOB JAMES & DAVID SANBORN,1,1,1,0,0,Standard
BOB NEWHART,1,2,0,0,0,Standard
BOBBY MC FERRIN,1,1,1,0,0,Standard
BOBBY VINTON,1,2,0,0,0,Standard
BOOTS RANDOLPH,1,2,0,0,0,Standard
BOOTSY'S RUBBER BAND,1,2,0,0,0,Standard
BRETT ELDREDGE,1,2,0,0,0,All types
BRETT YOUNG,1,1,1,0,0,All types
BRONCO,1,2,0,0,0,All types
BROWNSTONE,1,1,1,0,0,Standard
BUDDY HOLLY & THE CRICKETS,1,2,0,0,0,Standard
BUENA VISTA SOCIAL CLUB,1,1,1,0,0,Standard
BUFFALO SPRINGFIELD,1,1,1,0,0,Standard
CALIFORNIA RAISINS,1,1,1,0,0,Standard
CAPITAL CITIES,1,1,1,0,0,All types
CARL DOY,1,1,1,0,0,Standard
CARLOS SANTANA & BUDDY MILES,1,1,1,0,0,Standard
CASE,1,2,0,0,0,Standard
CHAMILLIONAIRE,1,1,1,0,0,All types
CHANGING FACES,1,2,0,0,0,Standard
CHARLIE ZAA,1,1,1,0,0,All types
CHRIS BOTTI,1,2,0,0,0,Standard
CHRIS CAGLE,1,2,0,0,0,Standard
CLANNAD,1,2,0,0,0,Standard
CLEAN BANDIT,1,2,0,0,0,All types
CLUB NOUVEAU,1,1,1,0,0,Standard
COHEED & CAMBRIA,1,2,0,0,0,Standard
COLD,1,2,0,0,0,Standard
CORINNE BAILEY RAE,1,1,1,0,0,Standard
COVERDALE PAGE,1,1,1,0,0,Standard
COWBOY JUNKIES,1,1,1,0,0,Standard
CRAIG MORGAN,1,2,0,0,0,All types
CRAZY TOWN,1,1,1,0,0,Standard
CREEDENCE CLEARWATER REVISITED,1,1,1,0,0,All types
CROSSFADE,1,1,1,0,0,All types
CROWDED HOUSE,1,1,1,0,0,Standard
DAN FOGELBERG & TIM WEISBERG,1,1,1,0,0,Standard
DANIEL CAESAR,1,1,1,0,0,All types
DARLENE ZSCHECH,1,2,0,0,0,Standard
DAS EFX,1,1,1,0,0,Standard
DAVE CLARK FIVE,1,2,0,0,0,Standard
DAVE HOLLISTER,1,2,0,0,0,Standard
DAVE KOZ,1,2,0,0,0,Standard
DAVID BALL,1,1,1,0,0,Standard
DAVID COOK,1,1,1,0,0,All types
DAVID GILMOUR,1,2,0,0,0,Standard
DAVID LEE MURPHY,1,1,1,0,0,All types
DAYS OF THE NEW,1,1,1,0,0,Standard
DEBBY BOONE,1,1,1,0,0,Standard
DEFAULT,1,1,1,0,0,Standard
DENIECE WILLIAMS,1,2,0,0,0,Standard
DEREK & THE DOMINOS,1,2,0,0,0,Standard
DES'REE,1,1,1,0,0,Standard
DIANA ROSS & THE SUPREMES WITH THE TEMPTATIONS,1,2,0,0,0,Standard
DJ MAGIC MIKE,1,2,0,0,0,Standard
DJ MAGIC MIKE & ROYAL POSSE,1,1,1,0,0,Standard
DO OR DIE,1,2,0,0,0,Standard
DON OMAR,1,2,0,0,0,All types
DONNA LEWIS,1,1,1,0,0,Standard
DREAMVILLE,1,1,1,0,0,All types
DROWNING POOL,1,1,1,0,0,All types
EAGLE EYE CHERRY,1,1,1,0,0,Standard
ED AMES,1,2,0,0,0,Standard
EDGAR WINTER,1,2,0,0,0,Standard
ELLE KING,1,1,1,0,0,All types
ELMO AND PATSY,1,1,1,0,0,All types
EMF,1,1,1,0,0,Standard
ERIC JOHNSON,1,1,1,0,0,Standard
EUGENE ORMANDY,1,2,0,0,0,Standard
EVA CASSIDY,1,1,1,0,0,Standard
"EVELYN ""CHAMPAGNE"" KING",1,2,0,0,0,Standard
EXILE,1,2,0,0,0,Standard
FASTBALL,1,1,1,0,0,All types
FATBOY SLIM,1,1,1,0,0,Standard
FINGER ELEVEN,1,2,0,0,0,All types
FIVE,1,1,1,0,0,Standard
FLYLEAF,1,1,1,0,0,All types
FOCUS,1,2,0,0,0,Standard
FRANCES LAI,1,2,0,0,0,Standard
FRANCESCA BATTISTELLI,1,2,0,0,0,All types
FRANKIE J,1,1,1,0,0,All types
FUTURE AND JUICE WRLD,1,1,1,0,0,Standard
G.Q.,1,1,1,0,0,Standard
GABBY BARRETT,1,1,1,0,0,All types
GANG STARR,1,2,0,0,0,Standard
GENE SIMMONS,1,1,1,0,0,Standard
GEORGIA SATELLITES,1,1,1,0,0,Standard
GINO VANNELLI,1,1,1,0,0,Standard
GIVEON,1,1,1,0,0,All types
GLENN FREY,1,2,0,0,0,Standard
GLORIA GAYNOR,1,1,1,0,0,All types
GNARLS BARKLEY,1,1,1,0,0,All types
GRUPO MONTEZ DE DURANGO,1,2,0,0,0,All types
GUNNA,1,2,0,0,0,All types
HALL & OATES,1,1,1,0,0,Standard
HAWTHORNE HEIGHTS,1,2,0,0,0,All types
HEATHER HEADLEY,1,2,0,0,0,Standard
HI-FIVE,1,2,0,0,0,Standard
HIROSHIMA,1,2,0,0,0,Standard
HOT BOYS,1,1,1,0,0,Standard
HOWARD JONES,1,1,1,0,0,Standard
HUMBLE PIE,1,2,0,0,0,Standard
IGGY AZALEA,1,1,1,0,0,All types
IMMATURE,1,2,0,0,0,Standard
INNER CIRCLE,1,1,1,0,0,Standard
INTERPOL,1,2,0,0,0,Standard
ISRAEL & NEW BREED,1,2,0,0,0,Standard
JACK HARLOW,1,1,1,0,0,All types
JACK JOHNSON & FRIENDS,1,1,1,0,0,Standard
JACKIE GLEASON,1,2,0,0,0,Standard
JADAKISS,1,2,0,0,0,Standard
JAMES BAY,1,1,1,0,0,All types
JAMES INGRAM,1,2,0,0,0,Standard
JAMIROQUAI,1,1,1,0,0,Standard
JANIS IAN,1,1,1,0,0,Standard
JEFF BUCKLEY,1,1,1,0,0,All types
JENNIFER HUDSON,1,2,0,0,0,Standard
JERMAINE DUPRI,1,1,1,0,0,Standard
JERMAINE JACKSON,1,2,0,0,0,Standard
JERRY SEINFELD,1,1,1,0,0,Standard
JESSE MC CARTNEY,1,1,1,0,0,All types
JESSIE J,1,1,1,0,0,All types
JESUS JONES,1,1,1,0,0,Standard
JET,1,1,1,0,0,All types
JOE JACKSON,1,2,0,0,0,Standard
JOHN DENVER & THE MUPPETS,1,1,1,0,0,Standard
JOHN TESH,1,2,0,0,0,Standard
JOHNNIE TAYLOR,1,1,1,0,0,Standard
JOHNNY 'GUITAR' WATSON,1,2,0,0,0,Standard
JOHNNY HORTON,1,1,1,0,0,Standard
JORDIN SPARKS,1,1,1,0,0,All types
JOSHUA KADISON,1,1,1,0,0,Standard
JUANITA BYNUM,1,1,1,0,0,Standard
KEHLANI,1,2,0,0,0,All types
KENNY ROGERS & THE FIRST EDITION,1,1,1,0,0,Standard
KID 'N PLAY,1,2,0,0,0,Standard
KIM CARNES,1,1,1,0,0,Standard
KIP MOORE,1,1,1,0,0,All types
KIX,1,1,1,0,0,Standard
KRAYZIE BONE,1,1,1,0,0,Standard
KROKUS,1,2,0,0,0,Standard
KT TUNSTALL,1,1,1,0,0,Standard
KYGO,1,2,0,0,0,Standard
KYLE,1,1,1,0,0,All types
L. ELGART / MANHATTAN SWING ORC,1,1,1,0,0,Standard
L.A. GUNS,1,2,0,0,0,Standard
LA BOUCHE,1,1,1,0,0,Standard
LAMB OF GOD,1,2,0,0,0,Standard
LAUV,1,2,0,0,0,All types
LAWRENCE WELK,1,2,0,0,0,Standard
LEIF GARRETT,1,2,0,0,0,Standard
LEO SAYER,1,1,1,0,0,Standard
LEONA LEWIS,1,1,1,0,0,All types
LETOYA,1,1,1,0,0,Standard
LFO,1,1,1,0,0,Standard
LIL BABY & GUNNA,1,1,1,0,0,All types
"LIL BABY, LIL DURK",1,1,1,0,0,All types
LIL NAS X,1,1,1,0,0,All types
LIL PUMP,1,2,0,0,0,All types
LIL TECCA,1,1,1,0,0,All types
LIL' TROY,1,1,1,0,0,Standard
"LIN-MANUEL MIRANDA, GERMAINE FRANCO, ENCANTO - CAST",1,1,1,0,0,Standard
LINDSEY STIRLING,1,2,0,0,0,All types
LISA LISA & CULT JAM,1,1,1,0,0,Standard
LISA LISA & CULT JAM WITH FULL FORCE,1,1,1,0,0,Standard
LISA LOEB,1,2,0,0,0,Standard
LIT,1,1,1,0,0,All types
LITA FORD,1,1,1,0,0,Standard
LIZA MINNELLI,1,2,0,0,0,Standard
LIZZO,1,1,1,0,0,All types
LLOYD BANKS,1,1,1,0,0,All types
LOST BOYZ,1,2,0,0,0,Standard
LOU REED,1,2,0,0,0,Standard
LUKAS GRAHAM,1,1,1,0,0,All types
LUNIZ,1,1,1,0,0,Standard
LYFE,1,1,1,0,0,Standard
MAHAVISHNU ORCHESTRA,1,2,0,0,0,Standard
MARC COHN,1,1,1,0,0,Standard
MARCY PLAYGROUND,1,1,1,0,0,Standard
MARK RONSON,1,1,1,0,0,All types
MARKY MARK & THE FUNKY BUNCH,1,1,1,0,0,Standard
MATISYAHU,1,2,0,0,0,All types
MATTHEW SWEET,1,2,0,0,0,Standard
MAZZY STAR,1,1,1,0,0,Standard
MECO,1,1,1,0,0,Standard
MELANIE,1,2,0,0,0,Standard
MELISSA MANCHESTER,1,2,0,0,0,Standard
MEMPHIS BLEEK,1,2,0,0,0,Standard
MEREDITH BROOKS,1,1,1,0,0,Standard
MERLE HAGGARD & WILLIE NELSON,1,1,1,0,0,Standard
METHOD MAN AND REDMAN,1,1,1,0,0,Standard
METRO BOOMIN,1,1,1,0,0,All types
MICHAEL FRANKS,1,2,0,0,0,Standard
MICHAEL MARTIN MURPHEY,1,2,0,0,0,Standard
MICKEY GILLEY,1,2,0,0,0,Standard
MIGHTY MIGHTY BOSSTONES,1,1,1,0,0,Standard
MIKE + THE MECHANICS,1,2,0,0,0,Standard
MIKE JONES,1,1,1,0,0,All types
MONTROSE,1,1,1,0,0,Standard
MORRISSEY,1,2,0,0,0,Standard
MOS DEF,1,2,0,0,0,Standard
MR. BIG,1,1,1,0,0,Standard
MR. MISTER,1,1,1,0,0,Standard
MUSTARD,1,1,1,0,0,All types
N.E.R.D.,1,2,0,0,0,All types
NAJEE,1,2,0,0,0,Standard
NAPPY ROOTS,1,1,1,0,0,All types
NATASHA BEDINGFIELD,1,2,0,0,0,All types
NAZARETH,1,1,1,0,0,Standard
NEIL SEDAKA,1,2,0,0,0,Standard
NEVILLE MARINER,1,1,1,0,0,Standard
NEW RADICALS,1,1,1,0,0,Standard
NIALL HORAN,1,1,1,0,0,All types
NILSSON,1,2,0,0,0,Standard
NINO ROTA,1,1,1,0,0,Standard
NIPSEY HUSSLE,1,1,1,0,0,All types
NLE CHOPPA,1,2,0,0,0,All types
NOREAGA,1,2,0,0,0,Standard
O-TOWN,1,1,1,0,0,Standard
OF MONSTERS & MEN,1,1,1,0,0,All types
OLIVIA NEWTON-JOHN & JOHN TRAVOLTA,1,1,1,0,0,Standard
ONYX,1,1,1,0,0,Standard
ORIGINAL LONDON CAST,1,1,1,0,0,Standard
OWL CITY,1,1,1,0,0,All types
P. DIDDY,1,1,1,0,0,Standard
P.M. DAWN,1,2,0,0,0,Standard
PASSENGER,1,1,1,0,0,All types
PASSION PIT,1,2,0,0,0,All types
PAUL & LINDA MC CARTNEY,1,1,1,0,0,Standard
PAUL ANKA,1,2,0,0,0,Standard
PAUL STANLEY,1,1,1,0,0,Standard
PAUL WALL,1,1,1,0,0,All types
PAULINA RUBIO,1,2,0,0,0,All types
PETER CETERA,1,1,1,0,0,Standard
PETER CRISS,1,1,1,0,0,Standard
PETEY PABLO,1,2,0,0,0,All types
PETRA,1,2,0,0,0,Standard
PHILLIP PHILLIPS,1,1,1,0,0,All types
PHOEBE SNOW,1,2,0,0,0,Standard
PLACIDO DOMINGO,1,1,1,0,0,All types
PLAIN WHITE T'S,1,2,0,0,0,All types
PLAYER,1,2,0,0,0,Standard
POCO,1,2,0,0,0,Standard
POOH SHIESTY,1,1,1,0,0,All types
POSTAL SERVICE,1,1,1,0,0,All types
POWERMAN 5000,1,1,1,0,0,Standard
PRETTY RICKY,1,2,0,0,0,All types
PSYCHEDELIC FURS,1,2,0,0,0,Standard
QUAD CITY DJ'S,1,1,1,0,0,Standard
QUARTERFLASH,1,1,1,0,0,Standard
QUEEN LATIFAH,1,2,0,0,0,Standard
R. KELLY & PUBLIC ANNOUNCEMENT,1,1,1,0,0,Standard
RAKIM,1,2,0,0,0,Standard
RALPH TRESVANT,1,1,1,0,0,Standard
RAMMSTEIN,1,1,1,0,0,Standard
RAMONES,1,2,0,0,0,All types
RAY BOLTZ,1,2,0,0,0,Standard
RAY LYNCH,1,1,1,0,0,Standard
"RAY PARKER, JR.",1,2,0,0,0,Standard
"RAY PARKER, JR. & RAYDIO",1,2,0,0,0,Standard
RAYDIO,1,2,0,0,0,Standard
REBECCA ST. JAMES,1,2,0,0,0,Standard
REGINA BELLE,1,2,0,0,0,Standard
RICH THE KID,1,1,1,0,0,All types
RICHARD SIMMONS,1,1,1,0,0,Standard
RICK WAKEMAN,1,2,0,0,0,Standard
ROB BASE & DJ E-Z ROCK,1,1,1,0,0,Standard
ROBERT JOHNSON,1,1,1,0,0,Standard
ROBERT PLANT & ALLISON KRAUSS,1,1,1,0,0,Standard
ROBERTA FLACK & DONNY HATHAWAY,1,2,0,0,0,Standard
ROBIN THICKE,1,1,1,0,0,All types
ROBYN,1,1,1,0,0,All types
ROGER,1,2,0,0,0,Standard
ROGER WHITTAKER,1,2,0,0,0,Standard
ROME,1,1,1,0,0,Standard
ROXY MUSIC,1,1,1,0,0,Standard
RUFF RYDERS,1,1,1,0,0,Standard
RYAN CABRERA,1,1,1,0,0,All types
SCANDAL,1,1,1,0,0,Standard
SCOTT STAPP,1,1,1,0,0,Standard
SELAH,1,2,0,0,0,Standard
SELENA GOMEZ,1,1,1,0,0,All types
SEMISONIC,1,1,1,0,0,Standard
SEPULTURA,1,2,0,0,0,Standard
SEVEN MARY THREE,1,1,1,0,0,Standard
SEX PISTOLS,1,1,1,0,0,Standard
SHABBA RANKS,1,2,0,0,0,Standard
SHAWN COLVIN,1,1,1,0,0,Standard
SHAWN MULLINS,1,1,1,0,0,Standard
SHEILA E,1,2,0,0,0,Standard
SHYNE,1,2,0,0,0,Standard
SILK SONIC,1,1,1,0,0,Standard
SISTER HAZEL,1,1,1,0,0,Standard
SISTER SLEDGE,1,1,1,0,0,Standard
SIXPENCE NONE THE RICHER,1,1,1,0,0,All types
SLAVE,1,2,0,0,0,Standard
SMOKEY ROBINSON,1,2,0,0,0,Standard
SMOKIE NORFUL,1,2,0,0,0,Standard
SNOW,1,1,1,0,0,Standard
SOCIAL DISTORTION,1,2,0,0,0,Standard
SOPHIE B. HAWKINS,1,2,0,0,0,Standard
SOUL FOR REAL,1,1,1,0,0,Standard
SOUNDS OF BLACKNESS,1,2,0,0,0,Standard
SQUEEZE,1,1,1,0,0,Standard
ST. LUNATICS,1,1,1,0,0,Standard
STABBING WESTWARD,1,2,0,0,0,Standard
STEEL PULSE,1,2,0,0,0,Standard
STEVE EARLE,1,2,0,0,0,Standard
STEVIE RAY VAUGHAN AND DOUBLE TROUBLE,1,1,1,0,0,Standard
STORY OF THE YEAR,1,1,1,0,0,Standard
SUMMER WALKER,1,1,1,0,0,All types
TAME IMPALA,1,1,1,0,0,All types
TAYLOR HICKS,1,1,1,0,0,Standard
TECH N9NE,1,2,0,0,0,All types
TECHNOTRONIC,1,1,1,0,0,Standard
TEENA MARIE,1,2,0,0,0,Standard
TEMPLE OF THE DOG,1,1,1,0,0,Standard
TEN YEARS AFTER,1,1,1,0,0,Standard
TENACIOUS D,1,1,1,0,0,Standard
THE A*TEENS,1,2,0,0,0,Standard
THE BREEDERS,1,1,1,0,0,Standard
THE BYRDS,1,1,1,0,0,Standard
THE CARDIGANS,1,1,1,0,0,Standard
THE CHIEFTAINS,1,2,0,0,0,Standard
THE CRYSTAL METHOD,1,1,1,0,0,Standard
THE D.O.C.,1,1,1,0,0,Standard
THE DREAM,1,1,1,0,0,Standard
THE FABULOUS THUNDERBIRDS,1,1,1,0,0,Standard
THE FLOATERS,1,1,1,0,0,Standard
THE GRASSROOTS,1,2,0,0,0,Standard
THE HIGHWAYMEN,1,1,1,0,0,Standard
THE HONEYDRIPPERS,1,1,1,0,0,Standard
THE LEMONHEADS,1,2,0,0,0,Standard
THE MAMAS & THE PAPAS,1,1,1,0,0,Standard
THE MOTELS,1,2,0,0,0,Standard
THE OFFSPRING,1,1,1,0,0,All types
THE PLATTERS,1,2,0,0,0,Standard
THE POWER STATION,1,1,1,0,0,Standard
THE RED JUMPSUIT APPARATUS,1,1,1,0,0,All types
THE REMBRANDTS,1,1,1,0,0,Standard
THE ROBERTSONS,1,1,1,0,0,Standard
THE SUNDAYS,1,2,0,0,0,Standard
THE VERVE,1,1,1,0,0,All types
THE VERVE PIPE,1,1,1,0,0,Standard
THE-DREAM,1,2,0,0,0,All types
THEY MIGHT BE GIANTS,1,1,1,0,0,All types
TIL TUESDAY,1,2,0,0,0,Standard
TIMBALAND,1,1,1,0,0,All types
TIMBALAND AND MAGOO,1,1,1,0,0,Standard
TOADIES,1,1,1,0,0,Standard
TOM PETTY,1,2,0,0,0,Standard
TOM TOM CLUB,1,1,1,0,0,Standard
TONIC,1,1,1,0,0,Standard
TONY ORLANDO & DAWN,1,2,0,0,0,Standard
TONY RICH PROJECT,1,1,1,0,0,Standard
TORY LANEZ,1,2,0,0,0,All types
TOVE LO,1,1,1,0,0,All types
TRAPT,1,1,1,0,0,All types
TY DOLLA $IGN,1,2,0,0,0,All types
TY HERNDON,1,2,0,0,0,Standard
TYLER CHILDERS,1,1,1,0,0,All types
UNDEROATH,1,2,0,0,0,Standard
US3,1,1,1,0,0,Standard
VANESSA CARLTON,1,1,1,0,0,Standard
VANGELIS,1,1,1,0,0,Standard
VAUGHAN BROTHERS,1,1,1,0,0,Standard
VITAMIN C,1,1,1,0,0,Standard
VOLBEAT,1,2,0,0,0,All types
W.A.S.P.,1,2,0,0,0,Standard
WADE HAYES,1,2,0,0,0,Standard
WALK THE MOON,1,1,1,0,0,All types
WEATHER REPORT,1,1,1,0,0,Standard
WENDY CARLOS,1,1,1,0,0,Standard
WILD CHERRY,1,1,1,0,0,All types
WRECKX 'N' EFFECT,1,1,1,0,0,Standard
WYNTON MARSALIS,1,2,0,0,0,Standard
X AMBASSADORS,1,1,1,0,0,All types
YAZ,1,1,1,0,0,Standard
YEAH YEAH YEAHS,1,2,0,0,0,Standard
YOUNG BUCK,1,1,1,0,0,Standard
ZAPP & ROGER,1,1,1,0,0,Standard
ZARA LARSSON,1,1,1,0,0,All types
ZHANE,1,1,1,0,0,Standard
